GEOID,total_area_km2
13031,1783.4838198913465
13121,1383.830632579629
13179,1401.4775171571914
13189,689.6853042468422
13213,897.8195293246197
13209,633.9414237945546
13139,1111.8583605103574
13245,851.1658000615215
13049,2028.8805446084557
13141,1237.6000488691025
13157,888.5314358332746
13315,989.7385443763806
13241,977.20260417246
13269,983.4275606888111
13177,937.19572812974
13279,960.6593979859919
13007,904.4690732574397
34015,872.3442256255212
34023,821.8156428047405
34035,789.7704061930752
34031,513.7823716254888
34021,592.7351774209633
34009,736.3872655679621
35031,14129.567269099083
35013,9881.692466085044
28059,1932.310737307152
02170,64681.948477943275
35033,4994.132485753881
53067,1967.4792555684128
51147,916.5433405347749
01009,1685.1811971734805
01095,1614.043830699578
51029,1511.2160945708806
51139,811.3265211266489
53017,4788.24020049654
51153,886.8469084602992
51171,1325.728382511683
01043,1955.5306170247795
51061,1687.978487993983
53021,3275.8609249820197
53019,5848.146351094319
53029,549.3889889959765
53075,5641.004872118554
33017,990.6920296990097
31093,1490.809462820189
31115,1479.0116844779732
51001,1456.2548436494637
21101,1205.5461492895877
21093,1631.993475669685
51119,361.42175318320284
22075,3085.142942458896
22107,1661.2983554539614
51193,631.2850991158796
22119,1592.3883292332107
23027,1977.1190441047468
51091,1077.3464469560327
21013,935.3315017407248
21131,1047.5035846843814
51083,2149.066449675403
23023,771.9298189645284
21235,1152.799896698725
24041,796.227344483466
24033,1291.973845427537
24035,1023.2229005500604
24023,1703.7480673292491
51165,2211.825830313514
37083,1891.4209256989025
37179,1656.1647172123003
37129,567.9005508511814
37163,2454.9447194290165
37031,1463.671770177605
37183,2219.6555222940306
37119,1414.7902892170423
37087,1436.083480100796
37141,2284.8135099022506
37021,1709.2747719744389
37047,2473.328181293723
37039,1208.8212802084074
37171,1389.4096009435698
37093,1014.237589984129
37105,671.2764931185455
37173,1398.8579619010195
37015,1836.3991860729668
37175,985.4397526661596
18083,1357.1448921393737
18183,875.1246649731529
18089,1306.2306781459265
18051,1293.0412903461754
18071,1330.9002017092535
18061,1258.9568970014386
21071,1024.961274976615
20123,1862.6570262992839
21043,1067.4020988018767
21085,1323.6259443531926
21011,735.488688595782
21099,1082.1955445846847
20149,2231.6687282969765
21189,513.5794205097756
21003,911.783332122301
21109,897.5085261287012
21205,741.4174686771975
21147,1116.47966083567
21031,1117.5375531812867
20203,1861.071141437244
17031,2480.005443676647
17027,1303.1086904985336
17079,1290.4968029317035
17171,654.3653724356258
17185,589.2569570105793
17047,576.8139828823789
39043,665.8497889324437
06001,1943.2307426984717
06081,1185.5281374902768
06065,18914.34543343194
06095,2305.2629271403753
06103,7673.003672404586
06111,4806.425131092799
06083,7121.639159248961
36081,318.82927675922804
06093,16441.336237766933
06115,1667.8748746124827
06033,3443.0154565811245
06061,3890.4417394861553
06005,1569.5118396636599
06043,3788.65164726668
08029,2974.8731742190707
12119,1501.9606450770382
12069,2995.538607226062
08069,6820.708889305903
09009,1606.015503428865
09007,998.848611984126
12079,1853.8185404215285
12127,3279.2024106708645
12099,5766.454348681949
12113,2974.2759701955724
12125,646.8460371113248
12093,2308.915638665238
08083,5285.168331269235
42033,2990.2628431270655
42125,2229.535269957523
42031,1579.52014119766
42097,1235.9978495277524
42061,2303.1644947230934
55099,3309.7213350818397
55121,1921.682064874258
55075,3700.7260476193983
55001,1780.569679200822
30051,3747.7982503257203
30005,10978.140668788965
30077,6040.483291680725
30057,9333.434525770399
30003,12990.156372673517
30073,4251.216130122823
30045,4844.877031704132
30009,5340.662785620442
30085,6136.9939616489655
30069,4336.443507624576
49035,2086.907728765067
49011,1645.2434396456595
01097,3282.9042159546852
49025,10640.508147198576
01033,1614.8508591760897
01041,1582.2418350570044
01065,1700.0320053975527
01109,1742.9989970081106
36011,1904.6743086604813
36025,3800.9378063280965
36115,2190.793464337943
48029,3253.27490654234
48423,2459.6674129048283
48201,4587.274843126707
48471,2075.902373155395
48257,2091.637980104807
48223,2053.1497444574165
48321,3580.8695093187384
48473,1341.3173110070043
48215,4099.608385275033
48323,3345.6853984485647
48187,1851.0864180388642
48343,669.9759222405744
48389,6842.641569454968
48071,1637.4963669005817
48351,2433.5794469398934
48057,1928.9864316065805
48455,1849.4475862806758
40017,2344.9700248955883
40135,1849.5618039526348
40117,1540.9007702617823
40101,2175.692594692773
40127,3684.5394143982485
40075,2669.5437690611475
41023,11727.941704167231
41061,5281.218368530724
41007,2209.5624218063062
41003,1756.808238590488
41015,4237.474866807501
01131,2350.3677872893068
01079,1857.531808147572
01035,2208.479685692848
05067,1661.1400964024888
05001,2690.1052598453093
05011,1690.972201251543
05025,1551.0257932142688
05099,1607.4474373917024
48273,2351.665264080162
48179,2406.9468254541243
48195,2383.208036503534
48379,670.4212035458979
48277,2416.659617528777
45063,1962.329120899597
45051,2967.1969332640474
45013,1830.3773334601858
45045,2060.6934383648886
45069,1256.9178718553667
45021,1028.9795719995122
45007,1957.328391777411
45087,1335.0891044047944
45027,1801.9256042217428
45061,1065.1251132817629
45039,1838.7490280817085
45017,1016.3918063082776
45043,2255.247137431313
21181,509.7323161599971
22103,2811.84996899806
47037,1361.1108746249968
47045,1362.821653240898
47129,1353.2105214117014
46023,2979.137906774651
47163,1112.7024147834354
47055,1582.6693021864996
47107,1119.415577275352
47031,1125.4156069057856
46055,4731.571502051422
47173,640.0144070199862
47189,1510.5850627655686
46079,1489.6867499256834
20151,1905.5684369026849
47097,1302.6826015620147
47079,1536.4264233655913
56039,10923.76561764285
56029,18039.678740605184
54043,1136.0619273698342
54001,887.9747848034077
54037,547.9610457425442
54049,806.8487897135072
54109,1299.6435647196922
54005,1303.2530975691514
16005,2973.4047356841597
04001,29058.110469511328
12045,1471.283365523809
12123,2728.8870374587295
29201,1103.1411909759784
29069,1417.4601808146588
29129,1178.7331100795518
29031,1518.5908948877022
25027,4089.8538786073195
26163,1636.3047193373034
26021,1503.471764329938
26077,1502.892332276811
26033,4234.294131182931
26071,3136.8413989038313
37055,1056.9594170487408
48443,6106.788514173903
48205,3789.9197160913372
72113,302.7502203682775
72097,199.24954721366714
72037,75.12730489647838
60030,0.09939095690783428
04013,23894.23067709257
15001,10446.21051585259
27167,1945.5929410986628
27133,1250.3497862546608
27119,5174.263772765189
27069,2858.4768061553877
27125,1120.4142356864636
27023,1522.6466508358137
26097,2783.409284963515
38067,2904.1342900194104
48405,1534.06345909466
48119,719.9048155652599
22019,2833.850972571844
22005,784.0099249384083
22071,901.3965404456098
22113,3356.7713429098344
22043,1721.678929292692
38005,3728.064265936947
38097,2233.698249456662
38095,2697.5082677467485
38037,4315.121624642488
28093,1838.4077501365791
28001,1262.7491540115686
28121,2087.7962041043684
28143,1233.2446165034244
28095,1999.400142611973
28039,1253.1908375656792
28087,1337.399419928788
28163,2419.4497398465196
28053,1116.5508333058003
16061,1242.6673118907647
16079,6844.37853127297
16077,3735.6458105565907
02020,4476.989197438859
25011,1876.2944736773643
51121,1008.2643045628547
51075,752.3188337386775
51093,835.3676127613081
51137,889.9546060030843
51023,1414.1210186632977
51009,1240.4090983421984
51007,928.7111000060278
51097,845.1202924979474
51081,768.6033213614148
02066,65169.68905201385
02240,65056.386187553406
02195,7930.422918508165
02275,6928.709332497038
02164,68522.24389988353
02110,7283.890229149193
02282,20562.6300589044
32011,10827.28902214425
29197,798.0644929914035
48301,1752.167549696842
48155,1832.9687714628021
31015,1410.6176924357846
78010,215.96883729326902
78020,50.962015253576936
23021,11338.0448969923
16025,2793.8339385037625
08107,6132.8088848365
08097,2520.2891405996925
08117,1603.9140331733215
08053,2909.288097603764
08023,3187.0684973788075
08065,993.5927207384733
08057,4198.583370543101
13073,796.8590591956854
13205,1330.8517043748518
34007,588.8458977641443
34027,1247.091098860078
34017,135.74532371592466
34001,1579.3911962959214
34025,1258.0484940176761
34011,1298.2772139851454
34019,1132.8336152320815
35045,14344.125090755288
35017,10273.346222982222
35007,9759.824287606038
35051,10976.406255946224
35055,5709.457802105365
01089,2104.9736966598134
01117,2096.5252486155346
01121,1969.2706765912192
01073,2911.6118908047124
53027,5013.586113518731
53049,2443.297232677284
01055,1421.0069013073612
53011,1698.0068778358652
53073,5618.299311656129
51107,1349.9637700792757
13319,1170.4669529130815
13021,660.1519823037909
13143,733.3644241358769
13151,845.6519472546242
13215,572.4830362621374
13113,516.6375248108593
13025,1158.3417576377394
13301,742.4989464692535
13123,1116.028095813732
13183,1046.1350135285138
13277,696.2135743008034
13291,852.4710976015092
13263,1022.3358620585266
13265,506.01172693075034
37069,1280.8937356034166
37123,1298.868571264019
37199,811.1114659191165
37155,2459.506724569068
37167,1048.4703286847766
37161,1469.1318456151062
37065,1312.7924546897664
37041,458.0235806895567
37149,617.6154799976683
37113,1345.5808120908903
37007,1390.838781304723
37023,1331.8661343223246
37121,574.9129574959562
19075,1300.029203661634
19149,2237.151670961366
19117,1125.3711403826533
19025,1482.006950891101
19111,1395.451850031458
18117,1057.181328373751
19163,1212.7136698699014
19131,1216.3375713363844
18125,883.466524884649
18027,1131.473869649263
18123,1000.6175791994951
20043,1031.3038407361137
20145,1954.5797153674957
21209,739.3790137829548
21107,1436.0856163326466
21017,755.2178068446412
21079,605.8921406642512
21049,660.7668041660845
21051,1220.275394114953
20119,2536.460733581637
21239,497.28201658494686
20071,2016.4903915461687
21005,529.1761178049703
21165,533.4228858120488
17163,1745.383506291176
17089,1357.637522631383
17167,2271.464187113237
17017,993.7327923607965
17161,1168.589752056761
17177,1462.4046784046498
17109,1528.3715710085348
17129,817.0233054303139
17125,1459.6009612552116
39093,1279.8278920423409
39061,1068.6950844867872
39007,1836.3290223011704
39167,1657.314836061488
39123,684.181300224588
39079,1091.7269481612307
06037,10598.734296686593
06087,1156.6687108369963
06039,5576.858435605225
06019,15568.320657515156
06097,4116.428744307879
06099,3920.815457777497
06107,12531.451357865324
06013,1969.273564922774
06047,5124.910328379881
36047,205.47621441176122
36005,123.11329842915683
06105,8307.73066453924
36119,1235.0567236529346
36071,2172.4232253474056
06025,11606.9780612693
51019,2010.6127635713756
01001,1565.3517359006858
53009,4578.252899269408
53071,3365.3826842692433
51089,995.5240639630362
53007,7755.495539846847
53025,7230.105335495869
53057,4547.4749935955015
53037,6042.3634920486475
01107,2304.987407328589
53043,6059.4470601116445
33015,1881.989668572057
33007,4740.714199878617
32031,16940.431813311454
31071,1479.9751874192193
31155,1967.9168420820254
31089,6261.188109602098
31183,1490.8094295790145
24039,903.1865057604159
24037,1041.2630308767828
21111,1029.8365149976305
22051,1321.418937605633
51159,505.50520796237976
51133,548.389974678027
51057,687.15599366698
21135,1282.5462653572326
22031,2316.692984114127
22029,1935.465888017457
22111,2344.130459680336
21007,709.5620971108306
51103,371.1577652104777
21133,877.9889718468257
23003,17682.345507060345
21121,1004.3461685822186
21167,655.9768436347048
21179,1098.3402825728092
21125,1149.023050699599
21097,802.5231657150666
21029,777.6926563189996
51143,2534.069134392418
21217,717.0550284018788
51099,482.3882926671623
21159,597.3894630171009
21123,682.8531394159547
22109,3847.7810970330643
24001,1108.0725377071337
24003,1163.9623054832289
24029,781.085164769822
24013,1172.847444477955
25009,1375.6365419573578
25013,1642.7888276422964
24047,1513.6318230567272
25025,162.83619606758484
37127,1405.7677257920452
37099,1281.556168595006
37115,1169.3936885576632
37079,692.060918678655
37147,1697.7359966920296
42101,369.66111085348876
42049,2095.5517368653605
42091,1261.8431408696335
42079,2346.3116805809636
42095,976.8821025072715
42043,1445.6372134290746
42071,2548.129387436251
42013,1363.7115579257702
42035,2323.486123115175
42055,2001.860653681281
42067,1019.1249445747993
44007,1120.5177393858494
42051,2068.59018183495
44009,910.8682586096462
55061,891.0425070886153
55011,1837.9339209602938
48213,2456.614406360946
48037,2390.650183177712
48331,2644.038299360089
48315,1088.862831373919
48081,2404.0241572828263
48475,2165.335159632487
48163,2937.5543965749043
48313,1223.4937543789088
48083,3318.7615728874566
48289,2798.8855804675463
48005,2239.793817410681
40143,1519.8457351981058
40089,4926.700591428319
40113,5966.907291334483
40087,1502.8979774111056
40141,2277.269909454861
40095,1105.975213835005
40077,1888.4929941963894
40055,1667.0159248814446
40151,3341.0699854655822
41047,3085.93016846669
41057,2912.4513402471634
41065,6202.234942500325
41043,5979.687755615187
41021,3166.672609823032
41063,8162.400843094088
41017,7910.209859018614
01119,2365.679475923111
05039,1729.6219023446045
05013,1637.906110255108
05081,1459.079157154398
05029,1467.0839046134683
16087,3816.081349429843
05003,2435.7854721234394
05103,1916.1662411645095
05019,2287.1819780447954
05073,1414.3531847316617
05063,1998.3038207039936
05147,1538.6845886251629
05093,2407.691749935124
06003,1924.4760202178531
05091,1653.420715496299
05095,1609.0902340827
05017,1790.3456063465087
16081,1166.3342425053943
48477,1610.3521712938116
48075,1848.15694677155
48487,2533.1109613837107
48333,1941.8183085385642
48411,2948.714834090005
48419,2161.8200141169705
48105,7271.853562718476
48051,1753.1787574965947
55111,2199.320891779035
55003,2730.903879499067
55023,1551.9223107464566
55037,1288.4088853591961
55051,2078.824664877839
30093,1861.0664619385698
30037,3044.4018657809766
30083,5447.684022771698
30059,6202.513767938668
30047,4283.972917083679
30061,3168.079398012217
30015,10350.707528669753
49043,4873.2926711457985
49003,17428.16403338045
49051,3128.0131426757926
49005,3037.962033155804
49001,6696.799165007488
49047,11665.101890935795
49019,9544.398265332831
01025,3244.295506517522
01039,2703.423023918166
01099,2679.2881359795165
01005,2342.2347008815423
01085,1878.180939183392
01051,1701.6700335410064
36075,2637.719576943924
36069,1715.9272189713213
36117,1585.632726490202
36051,1658.4054170372538
36027,2137.6887802612696
36077,2630.618088903042
36113,2412.807087582955
36009,3425.4320990594238
48113,2353.0991373882575
48085,2294.3901885857376
48453,2654.759144258011
48181,2535.8599753232083
48141,2629.0490859342103
48039,3774.8911964228696
48409,1827.8767133759652
48199,2324.4219783885687
06101,1575.8416903756454
06027,26490.83679910359
06109,5890.785571490614
36013,2809.474650867313
06011,2995.2701480436754
06057,2521.995641753778
36017,2327.6177387367616
06015,2629.3237587512153
08005,2086.523039761565
12095,2598.978572801077
12101,1985.7074669909468
12071,2294.7852616290597
12105,5207.3730103204525
08051,8442.11671118038
09011,1807.216164084817
10001,1546.8729582635776
11001,176.92973933317407
08113,3336.3794499899054
12009,3353.0510571693153
12097,3900.5258466888927
12063,2472.718414581482
12017,1710.3062415424774
12015,1923.2973387239706
42089,1598.2275557056755
12049,1653.0119286026775
12077,2183.550752647423
12013,1487.4332471472271
12047,1343.9577588983784
12129,1632.8516528452008
29095,1596.4913625237286
29033,1816.586467883679
29029,1835.3559767138627
29123,1288.7019870005383
29023,1810.684957485488
29103,1312.6274535490077
29171,1345.9074680270076
29157,1254.0976752306815
29003,1130.0573990390633
25017,2193.9932623592404
26003,2427.9113647843
26063,2166.2673479229725
26129,1489.3536419258878
26109,2724.7066121109583
26073,1496.402510314488
26055,1270.4113881758055
26013,2376.8651216077674
26141,1772.663947341001
48063,526.2966248987985
48115,2336.4145859836703
48287,1642.4613953880369
27075,5924.512790321164
72147,132.6988979400915
72047,110.33129905679311
72141,298.0651930280716
72031,123.6733873666822
72039,172.69306427158577
72033,13.003298268509303
04009,12019.41009583998
04007,12419.022066905334
04021,13920.49631063945
15009,3021.741676416223
15007,1630.4693823635814
16039,8031.2594580410405
27137,17461.71595471359
27061,7583.435247341813
27145,3600.169794130819
27103,1209.2921650501935
27127,2283.653540084324
27097,2987.438568092058
27089,4695.117269363432
27147,1119.722141405429
27031,4160.873501200798
27011,1367.76281373946
38105,5562.906223893331
38019,3911.570815398201
22069,3365.519570606769
22063,1790.693144393083
22099,2115.666381340019
22015,2245.4357333203725
22127,2477.689484866332
22079,3526.2135259511147
22091,1061.061137120735
22115,3471.359352699091
22001,1703.158267362741
22045,1604.295402332777
22025,1915.1753864021266
22047,1691.1113887910135
38099,3351.469433098127
38071,3369.6504776355036
38031,1675.2529690533106
38085,2921.933528670793
54013,727.0163095218571
54007,1337.1133380105568
22081,1041.6402445388555
28045,1251.4176676579627
48407,1626.2267443721064
48387,2738.1569329437334
48055,1415.3123926698217
45035,1479.4088725383301
45083,2123.0256591245106
45073,1744.5766343700213
45047,1201.274987831112
45079,1999.3717524762974
45031,1466.5018417991316
45057,1437.7970527553755
45055,1917.2497281800825
45049,1456.9346307634132
45067,1279.9145580805753
21065,662.2244137459668
22055,697.2699052453136
47003,1229.6656699806003
47035,1773.6492116534225
47053,1563.4073332046887
47159,842.7358617603344
47165,1406.5641104220126
47149,1616.2871927284398
46123,4188.769977321185
46093,9020.216558677821
46071,4846.439954959027
46075,2514.8382136720606
47065,1490.9416062671378
47089,813.9748048685447
47005,1129.8845916577911
47185,982.8499591048437
47041,852.0793280142692
47001,892.9914131118318
47029,1147.5729332919143
47145,1022.9511961929481
47009,1467.494135418961
47147,1234.4255850086734
47141,1042.535036610628
47043,1272.6444150687682
47011,858.5240098199496
46085,4420.649278660072
47091,784.177826373528
20001,1308.637304172412
47135,1095.2066194625513
47183,1506.6087931616673
47143,871.5402761554805
47127,337.95196320743685
47175,711.0285540213084
56033,6544.110128583157
56003,8179.64569763399
54107,976.1078247054929
54059,1097.6841631213035
54011,745.994149575016
54067,1694.6910940964506
54083,2693.388096945728
54003,833.1613972818984
54053,1151.777855132673
54041,1009.0687832813953
54073,348.5604392733229
54027,1669.7241957592255
13219,482.6763353665464
13237,934.0901594406185
04012,11682.769622376803
13201,734.6067327466307
51149,729.961268303646
51157,691.9646383686427
51067,1843.054353122283
51087,634.0620549312985
51017,1384.6093010470881
51141,1258.55837619587
51177,1073.10535502604
51037,1236.78632709428
51109,1320.0499049226112
51101,740.5536536282539
51033,1390.8680949833158
51181,733.7291221097184
51678,6.530945195438801
13135,1131.2884996987573
13103,1250.7066626707426
13067,892.2846976019418
13089,702.2639343771244
13153,984.1913751532188
13229,889.125306152552
13077,1155.0872513159482
13317,1228.0130138170211
13217,723.245513607202
13019,1185.628455269859
19195,1040.922869014986
19029,1463.352057406657
20169,1868.226184902303
21203,824.1699446175343
21193,887.2004065882261
21069,909.9001648800984
21183,1544.2722538918154
21175,994.0489492466966
20105,1865.7937343582855
21063,609.5448937475062
17097,1218.6602762685632
39035,1188.3319421686444
39075,1098.434839978185
39095,898.8534416933653
06071,52074.13386386437
06041,1407.6095760065937
36053,1712.8295021978474
36029,2730.094552601094
06063,6768.59661961991
06079,8605.09729992625
36103,2978.9252915612096
06009,2685.7028250519375
36065,3257.295440225415
08035,2183.071926083301
12057,2801.4998485598057
12117,894.3881607535128
09003,1943.9323163969002
12055,2865.8288732689857
08013,1917.8371656378602
12031,2195.061841721065
12107,2141.7175554732967
08093,5725.833985966052
08055,4126.414622312971
12109,1744.2069488373777
42045,494.3606820698676
42111,2801.5289720062187
42103,1468.1960934329625
42027,2882.5576349369776
44003,454.95724646782236
55059,720.2302051966008
30027,11266.584351002426
30081,6216.774100221886
30049,9058.175764308764
30087,13014.063188092223
30001,14433.007662208114
30013,7022.780630051506
30007,3206.763265799265
30055,6946.388838551968
49057,1709.0172732596488
49049,5553.701878254764
49017,13491.41059261475
01003,4350.689085071198
13079,845.626678155977
13001,1326.6087266465745
28007,1907.84044710274
13283,524.2865640579404
48073,2750.9580860054766
34029,1953.5587836993873
34033,903.1684059325122
35039,15271.587419052234
35043,9620.07531034481
28149,1602.2528525455618
35021,5507.35495394404
01129,2819.446268950091
53061,5466.072214251355
51015,2514.315892319739
53055,497.5886081851448
51031,1312.3409165314486
53063,4612.240394070756
51051,864.0140797249045
51195,1050.3327536293668
53015,3020.943871764885
33009,4531.1830322449205
32019,5247.704730976862
24017,1254.410107600692
21095,1212.5853405047558
21047,1875.0323367117064
23013,1058.864113037893
23015,1336.3127797722711
22035,1146.4878441748785
21027,1516.5547578524747
21127,1087.9240370190137
21151,1148.0170546606305
21231,1253.8859884731417
51191,1466.5637878981993
24025,1168.8456562474419
24015,975.6261025895616
37089,971.0423479898235
37027,1229.2156364413902
37133,2075.513041616523
37067,1067.9718286208079
37193,1958.7939959330627
37111,1153.4340799244007
37117,1182.8980229612553
37059,690.4402299112617
37103,1226.8619191813066
32015,14295.846500073554
28047,1524.6377771621444
28029,2018.6290624963583
28011,2351.8624096449967
28033,1283.9126016660503
28103,1813.3493073807542
28083,1570.487184304881
28137,1064.474135506506
48311,2995.5678388961296
16043,4910.779642292082
16035,6445.6859441716215
16029,4657.702030188245
16059,11834.26404853618
16083,4993.897054774254
16003,3546.0272664976656
16031,6683.837650772599
48229,11840.473641375955
50009,1744.7984633710917
29113,1658.8781799430494
29013,2205.3170614183127
29205,1300.907798211915
26115,1448.8194315290568
26125,2349.6314192278164
26099,1253.7723496498168
26103,4844.636355976267
18023,1049.5836537642751
48449,1102.4558085379626
72095,54.6186164965611
27053,1571.6061756217487
27071,8170.660788471199
27013,1982.9658055709122
27015,1601.3759075239893
27073,2015.087251753741
37053,745.995664177671
38017,4578.454953639954
37177,1060.781598398945
48395,2242.4307198572637
22013,2129.0692540720784
22037,1180.2520946223265
22053,1705.9721297832766
22039,1760.413211242743
22009,2242.0982636875665
38055,6029.306529698044
54093,1090.5909620513373
48501,2071.6006271245797
28161,1281.901442474572
16041,1729.2223249219214
50021,2446.2626910149756
51163,1553.9120951454593
51145,679.3278242111654
51035,1237.382800203594
51630,27.234469582252782
51005,1165.1138235496737
02070,49102.82345808496
02050,109930.60213706642
02185,233595.1824442699
02188,94036.63066650537
31117,2228.7445124121796
78030,79.99596756758379
23007,4515.333617275425
08037,4383.020410682699
08091,1404.5235982956174
08027,1916.078668581168
31103,2005.079019595216
08111,1005.5850178420557
02150,18349.406108712992
01101,2071.5028920320847
51063,988.8155294092846
51167,1233.9498888455173
51047,991.2019794857875
53041,6310.301400160467
51003,1880.2512771228696
13195,739.5997329094811
13039,1775.698668206181
13033,2162.8903535918766
13127,1205.8408122351564
13185,1322.1151585427647
13105,969.2755584283013
37165,830.3141172680083
19045,1839.4105211883457
19147,1474.9090887169066
18173,1012.7860075041689
18019,974.8971554633923
19063,1042.2630672561374
20081,1496.705802465879
21115,684.2064317759651
21155,898.3818598265985
17043,871.1987164375299
17153,525.9523995227208
17165,1002.120162156331
39049,1408.021237387213
06067,2575.437694919587
06073,11027.028124028157
06089,9964.648768216146
36045,3476.8656453087624
36105,2581.158367292802
36031,4963.571040148767
36107,1354.350167016757
48245,2552.9207647131243
48499,1801.9234500237014
48373,2873.7893197466674
48427,3183.6236206664275
48157,2292.6673232084127
48467,2226.400627214466
48465,8373.238873916987
48481,2834.2359035918735
48103,2035.401481195653
48035,2596.5697441153598
48127,3456.4373621754607
48175,2225.341508234664
40027,1444.9623003935578
40145,1530.1321009857302
40079,4165.525722690795
40067,2004.9472411767952
41041,2572.7027098709023
41033,4249.922218050423
41067,1882.0914820527105
06051,8109.772911546645
05075,1534.0816133511387
05057,1919.241914927497
05131,1409.7692795895607
06091,2491.7004900714946
16033,4569.330863486135
48007,750.9270129472201
48393,2393.3858287245707
48399,2738.148115486677
48015,1700.0342833191105
45003,2797.334470970685
45019,2651.338914653624
45041,2082.9759774134577
45077,1327.891224286359
45075,2921.364528420996
21229,780.0778068859142
47105,640.6221962332712
47157,2021.1033474980707
47025,1143.7484568338045
47121,561.154224123579
47063,455.1831874709746
47073,1294.1616889205663
46009,1506.166177457858
46057,1393.7013607833578
20101,1858.4503515098465
56013,23998.3084195878
54039,2359.2709111387917
54033,1078.7930074539195
54045,1179.866722783606
16049,22022.851634963445
12065,1587.240875469688
12007,778.2245020890194
29183,1534.4713796267074
29195,1986.2677817518236
29143,1805.028794240433
37017,2299.2067038891564
42127,1944.1496853284195
42133,2358.521774041358
42063,2161.1698878687466
44005,283.78658365684794
55057,2085.3536299236007
48001,2792.033804326073
48025,2280.1812621369745
48401,2430.9490179043178
48233,2318.232506482971
40133,1658.884494710139
41039,11964.825963527
05119,2090.987519009438
05139,2734.120906108845
05045,1719.9108279192155
05109,1590.1339920778687
05021,1662.0359641700925
05121,1698.879959311728
27021,6251.732099899498
27173,1977.0334055804838
16073,19936.46177075377
37143,652.2468172750654
38077,3744.3995905844763
38045,2980.9712873235476
38059,5038.01637334614
54063,1226.6906993300465
54057,852.4306161683879
28049,2272.409519951615
45005,1068.3243700100054
22033,1218.2737060185052
47033,688.2082769065456
47081,1586.4814126993688
47093,1362.0981708408372
47013,1290.20076760963
47181,1905.3392277843045
46083,1497.0169060792925
46117,3929.0367701332766
47057,783.4437107374141
47019,900.3018155850119
46041,6333.318855522241
20129,1889.9357606740666
54099,1326.3403840803553
54085,1174.9247073362876
56035,12781.79068347545
54065,594.6529520092988
51073,642.9262269377328
51036,518.7398746443497
51595,18.000260268040698
28051,1980.4348495571267
28055,1143.4300196038764
12029,1861.4603496992859
16015,4939.015346797902
16085,9671.024758354943
16027,1563.3802067566858
50025,2067.347111560941
13013,421.9266384943573
13313,753.8385737966579
34041,939.0742641153682
53033,5676.5924238327725
01063,1709.1243166605104
31167,1116.2705460928623
21037,413.6355106073428
51105,1132.5982091242777
25005,1527.7690547801162
37139,599.3431751278508
37107,1039.4883869945336
20019,1670.085184461596
36043,3776.418034746671
12001,2509.199777756255
12083,4306.264469806369
08071,12367.646310320984
48391,2034.2494048897074
48161,2310.1162930459686
48403,1493.784311755875
30071,13499.152717792422
30063,6780.563991735123
30089,7225.568150536205
30105,13109.135066736606
30023,1920.1920343056026
49013,8418.181218360629
49037,20547.160320377065
49023,8820.281016944255
36019,2894.108763296454
48457,2423.5238873442186
48167,1065.3992902899356
48139,2465.539478339098
48491,2931.59068990098
48061,2606.491206715106
48349,2812.8385394245624
12103,843.8421814477499
12041,919.8572624671359
08059,2004.7907036685629
09001,1691.1911839294203
10003,1126.18895635396
12033,1932.1468126332297
29037,1819.6377540247418
29203,2600.4873267357802
29041,1985.7339492558622
26047,1250.4254915539143
26147,1934.0739888523137
26119,1457.1263032472161
26153,3164.6567048777815
72107,165.13376874081274
69110,117.85533836270791
69085,158.21192045336977
04025,21049.16758105898
04027,14296.60177434261
36085,149.562058688574
36067,2086.429750574891
06023,9351.972147960425
06035,12226.366170553023
32003,20877.29844258396
32033,23039.86064104524
23005,2459.877061851905
21089,917.8993238145422
22117,1750.9773507790292
20091,1242.7471217344098
22123,933.7092268050079
23017,5635.686170433483
22125,1103.6160407456923
21139,885.8137271085019
51069,1075.6428365806078
23025,10604.228054330924
24005,1608.9469738025298
24043,1210.5647725211545
25021,1065.900302337505
24009,615.5720512390702
37013,2229.66772225439
37101,2060.694101583849
37035,1077.4920349891715
37019,2303.4209615505692
41001,7998.944282916131
05145,2698.951338666371
05107,1884.2230693731408
05007,2290.122431156927
48185,2076.1877557022162
30031,6820.983590605268
30099,5936.08741107784
49045,18871.874169583974
49029,1582.1346351666634
50027,2530.927367672592
48091,1489.178029296453
08049,4841.876239732634
12053,1285.8572280135645
29207,2146.7570159591824
25015,1412.2190020013554
48319,2413.984680581784
72023,186.95502212124927
27171,1850.0094286329509
37029,630.5554850300556
48425,496.9606107328485
26083,1519.1078530403604
22041,1644.8266264144147
22083,1461.759487955977
54075,2438.9906970283027
45071,1676.3966477800877
22101,1784.3379280656015
47119,1594.4226967654724
47021,795.2705987521086
47049,1292.2639225384605
54081,1578.1739525717235
54021,880.7640100047851
51175,1559.9400906278904
51179,722.2034641938833
51127,579.6652565956999
13091,1303.007946269578
28151,1969.5648392134221
29087,1218.3103813720766
13163,1372.021570620621
13051,1277.5883015018737
13289,939.1559215293858
01023,2385.1395677056007
53035,1062.9731205217645
51187,564.4675747544032
01069,1506.3634066214975
21195,2042.6116132133623
22105,2185.511911774767
37061,2124.3239195936867
37051,1705.647868941832
20059,1494.6684741626068
39105,1121.5067091832952
06045,9102.116658649607
08001,3065.444053849577
08077,8653.789850516923
12131,2972.467969067783
30033,12558.596441051
48041,1531.18993239818
48489,1631.262048058206
48303,2333.0093485113066
40023,2071.0565868985714
41019,13130.891767642515
41031,4640.266158623141
05061,1542.4055703302363
45081,1195.531962444605
45065,1019.5156907370985
47085,1441.9056371178835
54031,1513.5377238261287
26107,1479.456314170722
72127,127.96354515165086
27107,2270.7886504786884
48235,2722.385326875078
54103,935.7937355954626
16023,5798.279062086615
51085,1223.7798973073743
02013,18504.781319532016
08043,3974.750430578988
08109,8210.626890168995
34013,332.2456707379112
01071,2919.0955129825006
13029,1171.9857968004794
13305,1680.061175108669
37085,1557.0403462875504
18179,958.8161402366219
18025,799.6828434664427
21055,961.245703863859
20161,1611.182367532696
21237,576.895863145481
17189,1460.5189012656738
06059,2067.6675840138555
06007,4343.959599804081
01077,1864.329703939908
53031,4729.613025462267
22057,3213.2940768982044
51117,1759.4406121919483
51027,1305.048907982245
24011,844.4434048344903
42029,1966.984114709834
42017,1610.729174474543
55043,3065.0469186782225
48207,2357.584641245414
30039,4488.0866501290475
30053,9518.50716917688
30043,4297.829106855094
49055,6387.466789101424
48053,2646.537323562739
48283,3870.0366422119523
48239,2219.1635862147464
48011,2367.0238711148527
45025,2087.1488747459375
47179,854.3977032631872
46137,5104.30854779259
60050,73.5742748458159
29189,1355.0696101324559
29099,1720.7029515744655
48263,2338.401574801226
27165,1138.999274303401
27037,1519.8387936001134
27077,4608.989802330186
22097,2432.196249637617
28109,2120.5887292862267
37075,780.8411464152524
51011,868.8158813047364
51095,404.2920600058532
02100,6229.421249586586
16037,12790.5924758912
34039,269.634135163159
01049,2016.7974285917762
51077,1153.78292353243
13133,1052.1012684470936
13075,604.0335054093867
13311,627.4467202275463
19107,1502.1214014325294
18147,1039.8262390062107
18029,796.2443233235539
21025,1282.694210408413
21153,800.6758513923214
17111,1583.22605689107
39069,1087.1282688378371
06053,8580.62157839045
06017,4626.617089166797
53045,2586.413839482065
51059,1041.1891040480473
21177,1241.708766132007
37091,928.9998481579582
37153,1243.0164045262566
42129,2683.0726826007367
42005,1719.7456590397564
48459,1534.8673381399806
48369,2292.3451142080985
40125,2055.124268864328
22073,1636.1249910645383
54023,1243.9464442205417
45091,1802.7024529806724
47123,1690.4779321978901
46095,3395.3199197368453
47151,1380.7821712513912
46127,1209.9940857312304
54019,1731.039686518039
04015,34863.925816474104
51199,323.0123229464198
51155,853.1915789521059
18129,1086.8378941784845
21033,901.6854997969247
20023,2643.9477862348162
06077,3695.0088456249887
08123,10403.727609124177
37125,1827.8351372638679
37131,1426.2059630199806
28089,1921.8703593204116
48355,2256.044521773652
48133,2413.824964621188
48469,2302.18128594082
41055,2152.601510404379
41045,25719.565702725566
05117,1749.7856720748093
45059,1872.3647350169317
47115,1327.0534389194481
47167,1212.9018663435343
13221,1144.8143329202137
26053,2962.4060147862474
27129,2556.577524355128
37095,1823.6002231948428
22085,2619.3675195173737
54095,675.2799780519678
28013,1522.8056186348379
28021,1297.7456832647727
46073,1379.4510174382528
48261,3997.997624308838
08015,2629.467363925433
13107,1787.5944061919658
37037,1836.2251157614057
18175,1337.9112099863407
20143,1868.1831101372036
21067,739.5352475116628
36055,1726.5472033226072
01047,2573.8591973231396
01027,1569.5631341575552
31055,879.7716327418535
22011,3019.8016497090803
51185,1346.0869157787204
24027,656.2011813604479
42041,1425.3096948307598
55029,1279.4950554037257
48059,2334.281005782489
48371,12340.843408009983
41005,4876.304079798937
05041,2104.164259828762
05149,2455.6231971415777
30035,7866.886215683461
49015,11581.885879885072
49031,1984.1018298587985
06021,3436.041514887738
08019,1025.8836111509343
12037,1467.6702032503188
29019,1789.801666538538
48435,3765.9568038271373
27027,2726.526169397704
48327,2336.6127648365914
22077,1528.9847879957215
48107,2334.7554875827545
22021,1401.0787635966742
53077,11163.754668229132
13271,1150.008425456604
13191,1228.347938051833
20069,2251.4378266398494
17003,654.4214616857471
06085,3367.68692102092
45015,3195.653350627222
47051,1490.365510148924
47117,974.3985461430598
66010,559.3529363153754
48067,2487.3757799054474
41051,1205.4006120082772
22059,1716.1454476696708
47187,1512.613123461257
04005,48333.58170276727
49007,3846.5374227357106
12023,2075.3578640010387
26089,974.0130980355053
24031,1312.9592063395685
13009,694.8796402400425
13181,666.2202823319017
01059,1674.3393111594633
24019,1550.2257714257314
37159,1357.0395926547576
37009,1112.2667258468357
20141,2316.158315841455
06055,2042.308936475491
36063,1377.9862719165503
12039,1369.0256706231135
55007,3914.283584201601
13137,722.7448097360731
40013,2443.701255611903
40065,2082.9250902371123
05085,2080.6405885277172
05015,1653.4682138388296
48017,2142.8572107706636
30029,13613.077005482235
50017,1791.961390429583
48339,2789.269157779941
48241,2511.3140985988466
36091,2185.5587649924923
08031,400.6603466436295
26029,1172.9045356290014
48033,2346.574980752401
69100,85.29863170690376
27163,1096.8916477152886
38053,7408.936024196102
13059,313.47661865558894
13223,814.2241084845573
13207,1031.4147779037814
13069,1560.616517753935
13071,1441.6817027729433
13161,868.9501109909625
13225,391.8363267114107
13149,780.1397036743556
13093,1028.851940756206
13231,568.2847945996904
28157,1781.0887969567307
48153,2570.855789283315
45009,1024.379198087685
47059,1616.679888900746
47155,1548.4569795417774
54047,1385.871820661959
13303,1772.1906155025642
51079,405.54402093888496
51053,1313.9822614916552
21187,917.3916743014455
06069,3601.254251652743
10005,2534.059373479422
34003,638.2527621386245
53053,4395.5825222219955
31013,2791.947169717994
23031,2652.2308404327223
21119,913.8441648936347
37057,1470.431186211081
29057,1311.0368192605545
04017,25794.981587449034
02122,42522.03188179236
31075,2029.2775996759635
13267,1264.7939695834973
48353,2366.7232503658547
41035,15892.98823650363
05069,2372.655633060409
45029,2785.5485432378914
54071,1807.9258271880487
29027,2194.6325501824967
55009,1385.3771531527527
48225,3202.6903750924407
27139,954.1111412955336
22067,2087.6333619747743
46103,7212.023926936474
20199,2366.7017055351744
04003,16104.891833470496
37043,571.497737520521
49033,2814.0542046047262
48361,983.0868444272644
12075,2995.4842385263137
12005,2285.565411803829
26041,3066.338431717924
22017,2426.053874114074
24021,1728.9610421132934
60020,58.74363763682806
45053,1737.7049795572887
37137,945.0791619663266
06113,2650.400972263778
13321,1488.7019279836923
35059,9922.398116138984
35023,8923.105818109045
51660,45.1151064602366
51025,1474.7258418061347
33001,1217.1217101735465
32007,44551.96074681075
32023,47130.20949107415
31001,1461.3167282974896
31185,1491.3928042820999
31159,1491.5892603233788
31129,1491.3863338826964
01037,1726.0623598299017
51135,818.3821564649526
53059,4367.843485906967
53023,1860.210560448424
35001,3022.852008595082
35029,7680.4474999160875
35006,11764.937527108592
35019,7849.970010105882
31149,2620.2102672570054
31033,3097.977936906254
31021,1287.2722574978839
31087,1860.88927581025
31105,2466.8242762969726
31139,1488.230286826827
31175,1477.677435146816
31125,1160.9406124087027
21163,840.3104342551995
51590,113.41626313930429
20037,1541.0746492067901
21213,612.4392088130379
23029,7351.421242724811
21141,1442.6660349899246
21157,880.9635877362656
25001,1138.9855276967314
31037,1078.6816581166836
31137,1399.7920725752635
31027,1931.9824386354956
31119,1490.263064657947
31051,1250.2849726551767
31019,2526.324881181781
31045,3628.5647371991954
37097,1547.2574837446118
37001,1124.6094198993594
37169,1181.3060109974688
32029,685.1872656270341
19019,1484.353444964994
19183,1478.437229698477
19153,1532.0329289225945
19127,1484.5999995936888
19049,1532.2470865273483
19023,1506.7070174052765
19041,1483.1615930765329
18093,1170.617921677886
37197,874.6775124190898
37049,1891.9407893273044
37073,895.2396184814904
37005,611.9687428381199
53003,1658.8314602323212
25003,2450.957441526736
18037,1127.6170799383424
18127,1087.5206936396426
19057,1113.1763304085773
19145,1386.910049034826
18109,1060.4298136377467
18001,880.6240021472736
19055,1499.3493285258207
19009,1148.2932483750146
18133,1250.174550342167
18041,557.1271798057127
19137,1100.8095535796833
20121,1528.5471581956306
20087,1441.7472315719674
18119,1004.5405938434034
18177,1047.3971173599057
18141,1194.4219542004128
18017,1074.521484878698
19079,1495.7238277696638
19191,1787.3939032536155
19017,1138.0927208556548
19171,1870.111632265897
19015,1485.652850834542
19087,1130.6068202998192
18149,808.6014707250829
26157,2107.8574720939614
26149,1349.2518738707
13063,373.828844567473
13023,567.5047658201509
13235,650.6711713388113
72143,71.61697186204249
72019,88.91280590865543
28005,1894.5627520775345
28131,1160.4644776373436
28117,1083.2039387336765
26101,1444.486185753513
02060,1326.978862758814
38007,2986.748320914919
13199,1308.2686097947408
13197,951.1534454340759
72099,130.44982886810732
72139,55.42361014026642
28027,1509.9218062171276
28101,1501.1153400323947
28069,1986.5602681939672
13101,1090.3205208216434
32017,27551.24650020918
31171,1848.2883529225282
13193,1051.6430637828457
72053,77.97122851356315
16063,3122.853580661808
16071,3109.1886346493425
31165,5354.4434894079495
23019,9214.737594186474
51640,21.426537338226616
13211,918.4891567043277
13287,750.9362110626182
72057,169.96338270654786
04011,4787.9565807926965
16067,1975.227221375536
51125,1228.090267155944
51111,1119.853679772638
51600,16.24112552389701
51620,21.6537481447262
08039,4793.782785136551
08095,1781.888281309655
08119,1447.3078292130801
08007,3510.2630384328727
37077,1392.0904481634352
37191,1444.5204355830986
04023,3205.19451763448
27005,3742.3529137998776
27095,1765.464459762727
27115,3715.0657031232363
27113,1600.9227345658176
51775,37.85365941491599
51735,50.85270417318285
51530,16.94741250922961
02220,8235.853298761394
02180,61414.33760961873
02105,17713.762026090146
08115,1422.9104053647497
08017,4614.229968243373
08079,2273.899922150617
37157,1483.4298937098815
37045,1212.9920241712025
27029,2667.5000157913355
27039,1138.5377181786325
27041,1865.2416760101012
13253,664.4089742569813
13281,445.04916362527734
13243,1115.7614001785728
34037,1386.5628159708804
19181,1484.9778000546044
19155,2483.518108430057
27079,1227.1417721677751
27169,1661.8712107028698
13125,374.114626448995
12051,3080.242861438677
29181,1636.0555955269144
35028,282.85228142508464
35027,12512.011218475302
35041,6355.583690195869
19103,1613.8880192016152
19113,1876.984243562891
19061,1596.7280113931986
27161,1121.411732834988
27049,2019.0899140176532
29097,1661.1782886206497
29510,171.45625317452055
35005,15734.568828458698
35057,8666.149680784652
01103,1551.4415366475935
37003,682.8225974922913
19169,1485.7509867248607
19027,1477.1143205974888
19179,1129.2714796951336
27025,1145.8028303680567
27033,1679.6169915999733
27051,1490.13937771105
29067,2109.879022296839
29091,2404.456512977591
29081,1881.4509630297605
51049,776.2258976145839
13159,967.4309887966316
19059,1046.3122904775698
19033,1489.639098397846
19123,1485.0952975427053
38001,2560.6853287533954
38009,4396.553228263029
29107,1654.575490046366
29167,1663.9400788941477
13055,812.096853718734
13111,1015.7045753837019
26113,1486.7854173505461
26051,1336.3907561741373
18165,673.128507717622
38029,4028.0966816248983
29185,1818.2992552399276
29173,1253.3051821540507
29053,1473.9775168343203
13257,476.31577258242766
13119,689.6888256407458
18181,1317.6030070299762
18135,1173.3780581229069
18101,881.5406222523405
21201,259.3127426699498
22049,1503.948826788859
29007,1804.7755914975608
29177,1487.0755435374517
29229,1769.2782495272743
13297,854.6770052497811
13065,2134.2083311951674
18115,226.141279971642
18161,428.08292320466575
56027,6806.986457696804
48345,2563.6026052836146
22007,958.1594510431538
38073,2237.238895815496
38091,1852.6616745244164
29199,1138.0154929499274
29065,1954.2666497513042
29163,1773.4485226128213
29075,1273.5044841676051
13015,1216.0187597080233
13081,727.7478692591745
48129,2416.6336977701794
48173,2333.8739045942048
48359,3888.2878159554416
48505,2740.303957755545
38043,3710.9770836520906
54087,1252.8566898482957
28085,1523.6665442843387
28003,1039.989140446646
28043,1163.916060686718
29051,1033.267825286044
29001,1474.793771335348
26117,1866.7689335053149
13085,555.3435946469282
13227,602.5937386770413
13131,1192.0104824476484
72059,109.60173837137852
72005,94.60020307585316
28129,1650.570837518826
28153,2106.8964141690117
28159,1580.2025300473535
28067,1812.4862396933254
26127,1414.0973712870236
26005,2181.781376233689
26155,1401.0364574243665
13233,808.3917397708996
13011,607.071748354241
13047,420.75369770883214
72063,73.27275914800141
72121,94.09017523144125
48497,2389.6008522035672
48463,4037.5676817210388
48479,8742.848558450742
48203,2371.888114220316
48095,2573.6687045881913
47067,578.4141730087745
21143,664.5478477501156
20067,1489.950339992276
21191,730.1822166127115
20057,2846.5395862170385
12085,1756.5877500941285
08085,5807.923984957962
08061,4624.086530681809
48189,2602.152986159491
48069,2329.2823820124718
48317,2371.7670991791215
48275,2215.4747679779607
47087,827.5330586307686
17145,1157.814286910066
17183,2334.2120474105323
08089,3290.5841291021293
42105,2801.701387811899
42069,1204.9225427693534
48099,2737.2033508165714
48305,2314.132716926374
40037,2511.1601754761386
47103,1478.1091195518907
17007,730.659636572604
17081,1511.8881773860824
17113,3072.4378417321045
17191,1853.2351267653742
42123,2327.771273855872
42117,2944.808665241311
42065,1700.910917067185
40063,2110.1816581060707
40035,1975.045250849576
40119,1805.9148110381832
47101,731.6028616947225
47133,1126.0998542411105
17001,2256.8046312816705
17133,1031.3077543818604
42025,1003.4656120343876
42009,2633.7643842993994
40029,1350.6324702357374
40073,2346.7146714548685
40033,1662.752415851
46105,7485.368724222891
47075,1383.1001603318084
17121,1492.1151820374057
17095,1864.38306964389
17159,937.2128308102357
44001,73.27245352890877
55123,2114.5851401355517
40053,2598.9521853568426
41027,1381.475484594927
47153,689.1054618138731
46003,1845.9950073597959
20039,2315.7415538485134
17083,977.6596038948825
39137,1254.18884334324
55115,2355.3910187352058
55101,881.6194621629635
41009,1784.5279247258113
41053,1926.8004231186444
54101,1440.8269238264259
56045,6215.430594601285
54035,1221.58112335615
39025,1191.3385406572033
39157,1480.0161459198032
55035,1670.859652471569
55019,3156.3175456146246
55041,2710.275798329036
01061,1499.2116785338892
17065,1128.9579018102195
17127,627.4264804315828
46129,1928.6744583223842
47007,1053.7637474453093
20025,2531.750359176557
39139,1295.1610313459867
39121,1047.6621758129393
39021,1113.178850326413
55107,2410.666521632377
55067,2299.574063539503
30111,6860.496491502357
05047,1606.1584636714726
05105,1452.4739915244038
20065,2327.6826251503117
20185,2058.703136082866
20083,2228.052041094075
20189,1884.4565014567434
56007,20626.84583495598
39127,1068.2969756555597
39029,1384.8488935246648
30091,4419.359120916117
30017,9824.402339423226
30065,4848.337432026714
05051,1902.2579622830337
05049,1606.939614872114
54069,282.0651406642766
13005,740.27457035069
39151,1503.5831411009679
39055,1057.548161256682
30079,4513.46197181245
30019,3694.118745361003
30107,3697.0652656149095
05143,2466.3461873669858
05129,1731.3222058021113
47077,1362.0711350101608
46115,3910.419039750984
46119,2771.8933420098824
39169,1441.8007003300015
39037,1554.0518908109107
39103,1095.726128656932
49053,6294.840572915719
01081,1595.123843153082
05083,1890.5922787811467
05023,1533.7183520704077
46039,1648.3461919804947
46013,4483.721111913718
47139,1145.7674220589356
39059,1368.3699400596106
39081,1064.1155324849512
50023,1799.309229319983
36101,3636.6183987601657
05079,1475.5266307936483
16017,4967.510258111659
46011,2084.764915174109
46101,1348.8813603699978
47111,795.2677679276513
39111,1184.8012002057199
39067,1063.8243357843833
39027,1067.9997239774389
36001,1381.2151939992514
36037,1282.882912846663
48255,1951.8859933968376
48097,2327.814563013222
48347,2540.7526492482416
20045,1229.2638370125412
20027,1698.1712854337386
20055,3373.976192413886
36049,3340.927343187159
36035,1380.0714676207529
08041,5514.096984518057
36007,1852.3180473852437
36041,4682.3049642825545
48093,2454.4902812837354
48165,3892.3009717844984
48023,2333.969875920605
21233,869.3849355783464
20049,1684.8856001953197
20107,1570.2425776277976
12019,1666.8550457245888
12087,3539.4588006673184
08063,5598.8539476482965
48485,1638.840309300139
48439,2340.76384410086
45037,1313.1987270094082
45085,1766.560947598718
45089,2426.9492159650686
21103,754.0026408201268
20075,2583.9911086409243
20171,1858.8960807582764
20117,2343.441509706139
20029,1859.6025936615483
20053,1873.486493183337
08045,7654.63453655184
12021,5448.3607894645165
48365,2127.612051349603
48221,1131.4374179566746
48145,2004.1532248156452
40137,2308.6565611428655
40081,2501.515424088027
26151,2496.035890669343
26075,1873.789492583935
17131,1473.2001196893336
17155,445.66100097763456
36095,1622.2473610668324
36121,1544.4497568847491
40091,1844.321234799576
08067,4402.3427491615375
08121,6537.226187807017
12073,1817.7613971370893
12086,5228.229876909233
26111,1367.6073372058443
26139,1494.242827833428
26037,1488.1085620155347
05125,1892.0041158060083
05065,1512.2481079306488
36097,886.6686111644599
36109,1273.0041850598022
09015,1350.0196017588228
12027,1654.771595386347
26059,1571.9902898143569
26065,1452.2086275804845
26161,1871.0732699302073
05005,1519.7680246108246
05071,1771.3232469004972
36015,1063.9003334882996
48337,2430.4597050851376
48503,2410.8061705215873
12115,1568.240815096045
08075,4778.48505580262
26027,1316.9166511399774
26159,1613.4002000424475
26023,1345.7831328676484
05101,2132.273172543539
05097,2074.3425472861186
05111,1978.2498907532295
05087,2168.105819118149
48291,3046.822940205093
48367,2356.996753864278
48027,2823.880045511469
12061,1398.2160323803917
08103,8346.507447330963
13155,939.8227776958535
26017,1161.466464365985
26165,1490.2043012979084
05043,2165.058023875042
05059,1611.6047907871155
05141,1875.064433999851
48325,3456.203629600861
48049,2478.545559889432
06049,10886.124546113335
36111,3006.2255418993577
13043,644.5194346770571
05113,2232.108303591444
12043,2557.2669341454052
26079,1477.677256358028
26143,1502.141620301258
42057,1134.58506894672
26085,1487.3890796307653
05135,1570.7027838032413
48375,2387.4643261296665
48341,2355.844976792912
48483,2370.2996643473502
18169,1090.417789697579
18065,1022.4878059578688
18053,1074.5884602286926
19031,1507.0517153333333
12067,1419.0069181740469
29139,1399.8206142171755
48159,763.4622711496773
48101,2334.839957676804
48247,2942.7722763917473
48417,2371.2248682021195
48269,2365.5348957272745
48021,2319.5616962690033
55127,1493.2619744168642
20035,2932.795357657991
20155,3294.682329404379
20205,1489.593255497939
20193,2783.842605666169
29159,1777.5469281991002
29063,1102.8820951237844
29211,1687.427738615601
72041,94.43572902894118
72069,116.21227555168096
55047,984.6330846935389
55131,1128.249515449552
17091,1764.5468048493774
17101,969.1933494108363
17041,1080.5524166522443
29155,1330.1306863542009
29213,1687.61612216131
29109,1588.6918985767477
18111,1044.9971857424057
18171,949.1194587014252
55083,2630.5560837337002
55093,1534.723895794866
39039,1072.6118761874966
39117,1054.6841720210605
39047,1053.995830378275
31133,1121.994846922952
29077,1755.7657499324769
29121,2104.503799717807
29221,1974.6772877271683
48009,2397.2963941930993
72085,87.7593677396586
72025,153.0077438806742
55129,2209.9587769706027
55125,2635.976628352505
55069,2348.542627556203
30075,8543.626225736061
31157,1931.161318950173
31085,1847.7248180236672
21161,638.3009965954293
42075,938.924698054827
29215,3054.042016662679
29147,2273.828320173474
29169,1428.4647530763882
40045,3189.948142471913
40003,2283.4613658896774
30101,5039.146592209339
30021,6172.381840697613
55065,1643.8316565721755
48461,3215.064795198949
48237,2383.353257802749
48143,2822.528220109876
29061,1473.58460605884
29117,1394.770544163318
40069,1705.1758627264544
40131,1843.0684321670894
40005,2563.616807338001
30095,4676.9531562274715
31029,2324.1059252380905
01057,1630.0197982354086
48429,2386.4563003661074
48135,2335.779689201974
48131,4650.911415054288
48183,714.2486781016662
29165,1105.0342929390115
29105,1989.0835408880732
40085,1377.9722108686874
40115,1255.210760527644
49027,17707.73369216064
01031,1762.5162697561707
01075,1568.4431118057419
48357,2377.6961416894605
48089,2522.0184928950093
48137,5491.432584072986
48285,2513.6485346060726
29187,1177.7476860035015
29093,1429.8788778720404
29225,1537.9934593687128
40015,3341.283774708376
40139,5306.191327230335
40059,2694.483851658048
01011,1619.1623049190628
50005,1702.345413781824
48019,2065.7533384610083
48299,2501.781229671615
40111,1819.1254064001992
29227,690.6912704260554
29011,1545.5226140375044
29005,1424.6366773928698
40149,2612.5221522216743
40093,2481.4099215270994
40043,2611.418586846445
36123,973.172740194726
36039,1704.390382539448
40049,2107.5655959677797
40021,2009.837296859146
29125,1372.5882458227368
26049,1682.4279734403824
26057,1480.448543945664
41029,7255.558279907631
40011,2431.7351930680798
17039,1049.0305011852518
53051,3691.6850501435842
53039,4932.3804078645135
37011,640.9789817810263
37063,771.4829004109479
19157,1517.9352771853178
19081,1484.2397719026874
19039,1118.1686012946864
18091,1564.2484508572209
17093,834.5543758146924
17063,1115.0388752180077
17117,2247.26585565799
53013,2261.9201823763733
33003,2573.7604445386123
32510,406.98645055541385
37135,1038.5619933253613
42007,1150.0735614016855
18049,961.4938735213856
18163,613.321411914893
19189,1040.2068135707223
19185,1365.146298224416
17199,1150.8342242587762
17077,1559.8244722856934
32005,1912.5740423146094
32013,25013.41024428861
31145,1859.704129208523
42119,822.8296362233133
42121,1768.5325045263064
18035,1025.430671594025
18121,1165.4962874030819
17179,1704.0755000837871
17067,2109.2524479459153
31147,1436.4448731133386
31067,2227.6970366817704
31101,2874.770062058437
42107,2027.2990387937734
42085,1767.7748436797021
18143,499.18085497127646
18077,940.1231914815642
17103,1886.8674680903748
17037,1643.7328512167574
31153,641.1614528444828
31179,1148.1925198371653
42019,2060.774184142612
42115,2155.260458489848
19167,1991.2973323223912
18145,1069.0202653525603
19151,1498.3940214958327
17085,1601.9069625246173
17075,2897.7829299938576
17045,1615.9758069646214
31111,6669.667163242566
31023,1530.2978825747039
31035,1485.450366137528
42077,901.855580102261
42037,1270.3840815490792
18045,1030.5593744305163
18131,1125.4792792905262
19129,1140.9905856537516
17195,1803.9041038885202
17135,1838.145598647827
31043,692.5509814515622
31083,1486.8729614836166
31057,2385.7180686491233
55027,2349.631281593118
55025,3205.116050878594
20183,2322.9713419668196
20015,3746.5858083118014
17021,1854.0294157102749
17029,1320.97298677023
31065,1866.8011091161043
31031,15562.781965648748
24045,995.8391026350673
55079,627.4163685657733
55055,1509.3254001441078
21009,1295.013803670393
20207,1308.6843400571643
17009,796.1418815040255
17025,1216.085835653063
51071,936.4014551344312
21041,355.5702100873356
22087,1597.7676137608466
55133,1503.5400876227543
55017,2697.3062208833176
20209,404.29507733724074
20167,2329.46079475346
20051,2332.1538912945784
20163,2318.813017850115
39085,596.7058045585934
39019,1033.260209590892
51115,253.82546725143072
23009,4537.4116471686875
20175,1658.741649903534
55135,1981.830171636554
55053,2590.8248136449292
21215,496.3510864072504
20177,1439.3691437260675
21169,754.1900788201046
39041,1184.5012724049402
39107,1226.1583794588578
39161,1063.0604779102634
20099,1691.6896145153407
21185,508.82078005398307
21145,693.6864121350256
51169,1395.8364627386075
55095,2476.8147099485595
55049,1989.1368028155805
20153,2770.0622616444894
20103,1213.9837421129705
20003,1511.881666769096
39133,1305.5004062985915
39031,1469.707688072975
21015,664.4619274096046
51013,67.38131019515092
55078,945.1779435498352
48253,2427.5257780959896
48147,2328.2693096715757
21211,998.758509098602
20009,2332.8478077714
20005,1123.524747715057
39053,1220.1238174815253
39009,1316.4748121534371
39091,1209.0961872427026
21117,425.4077293260692
21077,271.279757178618
48397,385.7503194607355
48307,2780.265182460634
48227,2341.88453113826
20135,2784.7498546874403
21087,747.9361683103925
21057,804.9474700009885
39063,1382.1429326712384
39073,1097.2896617183692
39159,1131.5635157869353
21199,1753.4467959374458
21113,452.0375371033006
19193,2273.35275394153
18011,1096.089973895302
20113,2332.4639758453973
17011,2262.6237678696953
39071,1445.040892919829
39033,1042.9792636447155
39175,1055.63036550229
21021,473.54230369287166
21035,1064.0097604992811
21001,1067.9693423122862
18059,795.1767935019845
18063,1058.681721474469
18057,1042.4026246911503
17157,1546.0559334295654
17173,1989.0475934141832
39065,1218.5678301402731
06075,122.46208677540037
51510,39.92555114845883
25023,1818.9493733916183
37081,1703.2417501304371
18009,428.8190160183845
18075,994.5041860079484
18085,1435.9989376148385
18103,977.376216227274
19035,1494.83111248505
17015,1209.444859966063
17119,1916.6902032118758
01125,3499.7148421468796
53001,4998.33737697749
31127,1060.7316797853227
31041,6671.598346377075
31161,6396.342819735627
13293,848.3863250429379
28017,1306.101899808917
28079,1516.0790764813764
28111,1683.949863981833
28023,1796.137190080731
72129,137.83962722761476
72015,38.83943415200979
31061,1492.0041628264603
27131,1336.3384168138098
27055,1473.1431687262213
13255,516.8650660180815
28025,1077.5965379597192
28075,1851.9857117106362
28057,1399.81298206999
72073,115.33710444217668
72111,115.66442719937237
15003,1598.1223248865163
38051,2575.1252997096735
38057,2881.544038341166
13099,1337.1482390449808
13239,416.151793697298
28073,1295.0992989534336
28041,1861.3086088803384
28133,1831.5403215658666
28099,1480.3909667151222
72089,66.60603155085558
27057,2588.809124744741
27045,2232.695644077976
38025,5392.469252656448
54091,454.973948937951
19139,1163.256641168371
19161,1497.8668980647487
19083,1476.2252114248602
28071,1759.6159331493518
28097,1056.5178180585392
27019,973.5782230821798
27007,7914.159085837737
28019,1087.292285299238
28081,1173.790930800571
19133,1810.3142539569642
21221,1246.1101891757833
20079,1400.5699200933043
16065,1225.950720603322
02063,25802.733088980713
02198,15119.864835466118
29079,1134.5768213101667
27065,1381.972031591364
27105,1871.2227064678289
27157,1423.2166681662977
28127,1529.3414068008394
28031,1074.6035230229834
19003,1102.1850475173362
19043,2053.050888668144
51760,161.98071001250685
50011,1783.4774174714921
72009,81.08505732079033
72115,59.851986255030184
27067,2233.4748255961813
38011,3022.023943179096
28037,1468.077364672603
28115,1297.5776876991724
28119,1052.8394952105168
19071,1338.2827278033456
18005,1060.7208778283982
18079,980.0129064606083
29101,2157.710275329657
29141,1590.2616221631895
29085,1066.2405276440047
38069,2803.3386416260946
46059,3730.0525999380557
56031,5466.730704793326
56043,5808.714430135422
28065,1059.643369801762
28139,1191.2094845694426
28141,1151.2617137482302
21061,797.7393691973534
20165,1859.2473926029627
20011,1655.1630770907439
20095,2244.7113590828717
20077,2079.2151194537187
29217,2167.376771042352
29145,1622.9296099692388
51730,59.39121888622864
18137,1160.2649939446055
18113,1081.080902758641
19135,1124.8266827449793
28147,1047.4498408126476
16021,3310.7126027414283
16009,2031.0067219357493
18097,1043.8148401679875
19121,1456.0287433981935
29045,1325.741171905774
29083,1896.6271959449748
26123,2231.934842910415
20007,2942.226525992594
17147,1138.2479514528975
39125,1084.7744727108802
42003,1927.5540154285488
72055,96.14352153229659
51710,154.86674858170676
51670,28.063393330078817
19037,1309.682568089987
18069,1004.2774968191843
18099,1164.7952272356993
18073,1454.1279788268646
19143,1034.4459606641742
26061,2696.753528104864
26067,1502.2055070610006
55117,1340.5586460710576
55137,1650.936529731269
51770,110.98020489458725
51570,20.177088155620527
02016,11738.487732473122
02158,46801.50511224088
31039,1488.4113137743207
31077,1477.7930371688497
31017,3173.4935006102805
31135,2290.7223424017325
26031,2060.455699576121
26095,2400.184707803402
55013,2279.9113554855103
55119,2550.386830122668
30025,4203.600870101466
38033,2596.750333913317
46063,6936.722352776524
31113,1479.4651277870191
48267,3240.7323770637163
48079,2007.915624292366
31091,1869.1686935520324
22023,4246.828892298943
20125,1687.5311148107521
26131,3438.78017347721
26039,1458.7834332495086
18087,1001.8967039924407
18007,1052.7735552070105
30103,2550.159150514058
13299,2349.9013407218786
13171,481.41819624522276
23011,2463.9808733468703
23001,1287.3879461193856
21023,541.0820579830095
21197,466.46345269281517
56011,7420.992158887344
48219,2353.171064697055
48495,2178.918675898544
72077,69.01331629624515
35047,12279.163009679296
35009,3648.8672034759907
08021,3343.6713382456064
08009,6623.284109708135
08099,4258.923201205915
24510,223.807956673111
25007,306.5659670575666
37151,2045.9456892281023
72137,60.709115194713846
72061,71.57421705718042
01017,1562.2096364512743
01029,1453.1337449959606
01087,1588.1324866989394
01115,1692.1747545048133
53065,6579.25483580184
32001,13010.963808756913
08025,2070.6713597414887
08047,389.5971361504725
08011,3990.7492021160933
37181,695.8755474344132
37109,789.6628532886119
19069,1508.7101353190872
72079,155.79797998049253
72049,30.668779826828096
31109,2192.171430841173
31097,975.7613171196714
31163,1480.5892366893167
31123,3704.2748437269825
35015,10872.253069376688
35003,17948.25557026009
51161,650.5737011407026
01021,1814.966157798977
51041,1131.7952738185604
13251,1698.359710983507
19013,1483.0247684413375
19109,2523.764241083517
28155,1096.1561193317525
54055,1089.6526624615574
54051,808.3820267878317
13309,777.7311405160161
20139,1864.3564959166529
20179,2321.2156459510234
17197,2199.5109827959727
17099,2973.8183572414523
72135,71.41049588501737
72003,79.99219279398532
35011,6044.946745409939
17069,470.1488690229261
28077,1128.3250957651326
28113,1063.8698383835601
54089,952.5817538227993
56017,5195.970671334087
17143,1633.137302472889
17141,1977.298701287224
72131,184.42035532178667
72087,52.604376589669876
48259,1716.9381107689098
48031,1847.6611946732553
48421,2391.07161303103
48149,2485.532165213588
54029,227.90162246951832
13109,483.9624511336943
17181,1093.2348031507763
17105,2709.0064839772695
17203,1405.1933089411768
72149,95.99288065297281
72065,108.28237782761734
45011,1443.561653906555
42113,1171.7402155757297
47113,1446.813266618065
13259,1200.7317974182465
50015,1210.265792404072
17057,2285.9810209958628
17049,1243.199172169428
72093,94.901557765116
72001,173.77999152214602
47177,1124.022897415768
47015,688.2547277672162
51183,1276.541333593858
51650,151.64484076925467
17033,1154.510165928377
39099,1101.1053367294571
72029,85.42733334030105
69120,107.26596440932772
47039,893.2749125527826
46067,2109.1235688572074
51740,92.19321831163015
51840,23.829378731594893
51197,1203.6358130495084
51685,7.858714973874121
12035,1314.5429079830783
42011,2242.4646921310477
42059,1496.6098651838784
13037,734.5018943644077
15005,31.526727222899993
46135,1378.713429565054
46015,2192.4384941792205
46087,1493.9680797929495
51550,908.7523959866782
51540,26.57688576329175
51830,23.580112643169894
39153,1088.1527201672159
39165,1055.3187456339397
27003,1155.4917257994164
27159,1407.2054013731322
27017,2266.236391413426
46081,2072.442078229307
46125,1599.540608533776
46089,2983.1962241673104
51720,19.48537325692646
51750,25.908732429477745
13285,1155.1030337527175
39149,1063.715260325282
39115,1092.4624988343874
39051,1054.9731289222202
27111,5761.198883544123
27035,2995.6567534733695
27043,1869.7808137280842
47047,1829.0149812407403
46109,2941.193010704232
13087,1613.8443274626925
13057,1125.144261970056
55045,1514.2091308597376
55071,1542.4232521071538
27083,1868.8851808201912
27087,1509.7339060247261
27085,1309.4264032855986
27091,1889.6586081030784
46069,2243.707578782119
47131,1438.4487787892726
46061,1127.5418097308066
13147,665.4325598426863
19051,1307.5086679394576
19125,1477.5933405377411
18033,942.4576209720528
39145,1595.9371188288083
39129,1311.9983030925293
27135,4346.18194422338
27081,1420.5665365204227
27121,1857.3546300999935
46021,1997.0660846808983
47109,1459.5028795426933
46017,1262.9142086608772
18043,387.2005922558167
19187,1860.7513100656063
19173,1384.9842407810859
39131,1149.5718413099978
12081,2060.689737003861
27151,1947.8250137845966
04019,23802.05579842937
38021,2956.9444691479994
47171,482.53332581094844
20073,2985.5236935719167
20047,1611.053100948521
19095,1521.541445022523
19091,1128.5380006017922
18159,674.891492047286
18039,1211.8946577827012
55097,2131.111750111318
55081,2352.3459153102735
38023,3352.5329913870405
38013,2923.983854836075
48169,2321.1622963628583
48065,2393.532907667433
20063,2775.116759719887
20017,2014.3359718824684
47023,740.5588940916405
18021,933.2055456402219
18105,1065.2950283680989
19011,1860.6230822350688
39015,1276.7473451126618
39057,1077.8856750716382
38049,4950.960931794079
22121,527.7924907008769
47027,671.7205937789812
56037,27172.67849266126
19005,1706.2799896166155
18107,1309.206959811753
18047,1013.2005738389608
72081,159.60326491116464
72021,115.36400813256671
60040,3.6223044857097695
22003,1984.2028243159118
22061,1223.4322782109914
56023,10602.106219184445
56001,11160.171134007809
20041,2206.519001613023
20021,1530.5252357570016
20133,1496.4668141956708
72151,142.90154735105313
22095,1062.0659617984809
38093,5951.803427327173
38063,2612.884653681269
56019,10811.492408383529
20061,1047.92821354732
20159,1885.4935275477621
20191,3068.718320282183
20093,2255.3888897469783
72013,328.36251809877876
72105,71.82359661635415
38047,2618.3888070428306
38083,2604.019736208189
38089,3471.4482106701535
54009,239.97437105524003
54061,948.1018410897295
29153,1956.0618718452918
29161,1746.3873781140703
29179,2109.502232853005
53005,4558.7819596483305
13045,1304.7401956124038
13145,1224.4014630997626
72043,202.08041150840086
36021,1679.6366503861786
46099,2107.9148308264334
46077,2237.0426114861207
46097,1481.2839419586826
20127,1820.3848879947393
30109,2305.54722975523
21091,515.0136177405461
37187,970.6034500699318
19097,1682.4731046944617
01083,1572.675968341042
33011,2311.036620688225
56015,5780.891180974405
13167,794.2301922748088
37025,942.5614574022796
19021,1502.8774354741242
18151,835.134638468093
19085,1816.657445861506
19007,1337.004291132329
18055,1414.036846162168
33005,1888.303316057365
31169,1489.4541668005866
16011,5491.481558947811
51580,14.709899226956923
28105,1196.3416710136419
18095,1172.9515333875174
18031,966.9129268229055
20181,2735.745456420877
20031,1693.9099509846874
21045,1154.5538312654735
17115,1517.0683078847171
17051,1878.5842619724604
31025,1465.5531308368234
31095,1491.276208973526
28015,1643.6369515075905
16051,2863.8097789781928
17139,892.233857698351
17193,1299.8810393597241
39113,1202.4255463204347
39045,1317.151313463102
31099,1337.2385511761363
31053,1406.2806823647854
13003,892.7038794043349
35061,2765.3331526067773
31069,4482.608543584907
39143,1066.051590163609
39147,1431.7121889545922
39003,1053.9901163965758
39109,1060.8693790029988
31131,1603.2039595909403
31059,1493.1808936547325
31047,2640.335050398464
31003,2223.688157737631
21083,1442.2803697533327
39023,1042.6762344254632
39083,1371.6927472323932
48437,2332.8826285598216
41013,7736.716901262546
42087,1074.2204107838888
55039,1983.433274754727
48385,1813.1790299040317
42015,3007.231697644121
22027,1986.9934403296102
21219,976.4557835322231
48493,2093.693084468905
46111,1477.6528774400238
13165,912.8810755943236
48013,3163.710751759677
55089,608.6939398066412
30011,8671.411429033693
01133,1636.657831700879
20173,2613.502543075262
21171,860.2201726491539
37145,1046.8674368045079
37071,941.7395407592047
16069,2217.5613748097326
48125,2345.108626780083
55077,1202.9593575715214
40009,2340.8431963989015
27101,1863.8449351714532
38041,2936.1440359352055
46045,2981.2989469254053
36099,1011.2906855725911
48177,2770.978993770576
31049,1141.5232725801727
42047,2154.452625831664
48231,2284.320195976334
36079,637.5507382714417
48151,2335.5331998340575
36093,542.4717127606214
51790,51.69161385863396
31079,1430.0404432271312
19093,1119.0953324205684
39077,1283.5299557155922
05031,1845.7343740630545
48191,2341.4479454963403
48445,2307.6062259557607
47069,1736.4675335873744
42021,1794.1238962670247
55033,2237.4201094700165
08101,6213.239070786482
08003,1872.8853449732578
29055,1926.282064530091
49039,4148.726236873261
01045,1457.384657100782
46025,2505.7734394245654
05035,1668.7079244503016
56041,5408.129632343047
29151,1588.7836051762295
26105,1321.3731294203847
26133,1484.1529503228414
26093,1516.3252910754034
26091,1971.6135865969973
36089,7306.571709644843
36073,1017.4956163349871
13173,517.488750012791
29115,1609.0684159209184
29133,1111.0372646503608
26135,1480.3824622800314
26087,1716.7187357104815
26035,1489.9464464508021
26043,2010.837746686721
18153,1176.3816091404547
36003,2678.7462685458436
48121,2464.7389484791333
48441,2380.816850914214
29043,1460.028253540438
29186,1312.6671534904117
26009,1359.6873842846146
26019,900.1368189172183
18013,820.0015852584755
72027,119.98820458342627
72017,48.54820670530946
12111,1583.643308670949
12091,2576.747687727137
08081,12305.8889128599
26081,2258.306403795931
48003,3887.103379110148
72101,100.85510389069681
48211,2362.484564816249
72045,73.79132263049499
72125,141.18302237785835
36061,82.1327103637058
72035,134.6531895215398
27059,1169.6164418615479
08073,6698.833780546682
08014,86.99030413462711
27093,1669.5405785894627
27117,1206.7087541476726
38101,5324.941123509246
28061,1754.6966416067244
72091,119.20130095525124
72075,157.01995732860348
27143,1555.467958338212
38027,1668.5027322314486
48171,2750.0164427803725
29017,1608.8809878322181
29219,1133.87259736752
29175,1263.3562583725031
28123,1580.9586404094766
51021,929.0359644366271
02290,382998.6450170443
31005,1860.1189296405946
72103,133.6669669138457
72007,77.96542518888488
40103,1923.1467065012025
40123,1878.4216200047576
72054,39.38991250400182
02130,13368.96703141841
29111,1323.0614927387512
17169,1143.1358819677196
45033,1052.8134184920445
45001,1325.4821766207626
40129,2969.7616948957843
13247,342.07404417018233
17013,734.3895209177676
39173,1607.1544459165013
46051,1780.8030226911453
46005,3275.8502806839083
46027,1080.938082485042
41011,4213.875477085129
41025,26488.24186204413
13187,736.1699784577412
51520,33.63965381170492
39089,1780.2290001243266
39017,1217.156114754685
47137,452.13887292198115
46102,5429.5185459140475
46049,2605.1706807842493
17071,1023.7256699572346
05037,1611.4434288898221
05127,2326.7344861023034
19105,1494.5881329936237
19165,1531.5856167217655
18067,761.176635584268
18139,1057.9766783971234
19141,1484.517961069543
39001,1518.5087607173627
06031,3605.447074080108
46065,2074.245714615771
46033,4038.2513565212407
27099,1843.005358566834
27153,2536.68780809833
27063,1862.884350234944
20201,2327.1480757632607
20131,1862.9075633504192
39097,1208.5912275852631
01013,2014.7352498157722
01111,1512.4098689827067
50007,1605.6823019257563
47169,302.1830025118773
46047,4530.423598123432
47083,535.9914039831411
38087,3159.065036229346
38081,2246.8055949354566
12059,1266.9355440072866
48117,3880.8230315903133
48295,2414.385992688909
48279,2635.6772507142496
36057,1062.7239548977157
48309,2746.114204654156
20157,1865.5914331101064
19177,1270.729951675931
47061,935.290387910791
48297,2794.245401867302
22089,1028.1761244351683
38003,3919.717236858563
17137,1482.6604950314058
17073,2138.3305557980366
17035,898.6120020661923
48251,1901.5342642164333
48451,3990.3083309790654
48363,2552.359187900651
48329,2336.1199533022327
56005,12449.834689209545
54015,890.37908232277
54079,907.6235712408595
38079,2433.1549981307885
38039,1855.9735452499085
38065,1893.3130834064195
48045,2335.1128401964756
06029,21146.912928473543
48271,3535.71674080414
48293,2416.6390850036782
48123,2358.0963535262376
40041,2051.4096915995297
13083,451.03442825462
13053,650.2552684878349
21039,515.152594497707
48077,2891.811783535836
31007,1931.610098773837
49021,8548.446284018699
40071,2447.6553222976668
40107,1628.4479237076705
13061,562.5119331200436
29209,1322.9890772412102
47125,1408.5756040560645
46029,1857.3464504591777
39155,1648.9566386486342
39141,1795.0349870586695
40083,1939.3455463956618
40051,2861.7338222735134
29071,2410.4837722731477
46053,2728.2425840872866
47071,1544.02610311571
13035,486.99879212745634
35037,7461.722132373416
42093,342.65053892502976
41071,1860.5884565752062
29047,1058.4844964175206
42001,1350.690323070266
46035,1131.610195736852
46121,3602.2060063302906
46037,2825.9611737910213
20137,2282.504863179105
54025,2653.321298819802
01067,1472.0028577430444
51045,852.4574342282051
21059,1234.3080630912993
41069,4446.084649482693
41037,21650.82814265166
42131,1049.387261089893
55015,1028.375482739643
55139,1498.3546103648823
54097,918.8497936761197
60010,65.96625241422957
33013,2473.0487958550584
31173,1026.1068336600824
42053,1114.4555689031329
01019,1553.8716103317238
55109,1904.035772744946
55005,2304.5828420993876
54105,608.1939294806518
13169,1024.101511960636
20197,2071.157041929289
17061,1414.8220645016575
05033,1569.2171754404374
05115,2152.5281977097775
55103,1526.2674263844676
55141,2096.080258043066
48415,2350.805818264259
13273,874.2587693527228
13017,657.5195726785556
17059,849.4813703387098
17053,1259.3664190111867
05089,1658.0594549536459
05027,1986.3907504771842
40061,1619.9441650434796
16001,2747.2098464161713
51820,39.090036695689754
28009,1058.3671788397926
16013,6875.422986395083
17149,2198.4304749855164
48047,2443.9418186710473
48087,2381.3961707706985
48383,3045.835617530433
45023,1518.0332218248711
42023,1031.6473097658543
40121,3568.401989049143
40147,1099.016398711144
17023,1307.2491112653622
39013,1402.2447459857183
39135,1104.5403314995208
29149,2049.9089304730396
29059,1405.942638822613
16055,3390.9944357750737
35035,17163.876864275404
32021,9871.127388782767
12011,3173.2424695153204
42039,2687.2592334376195
29021,1075.4588104336533
25019,146.09845566762215
19101,1131.4687039105033
21149,663.5663076106281
17175,746.822012476035
48413,3394.645555492591
55087,1669.3613687426637
30067,7286.229939278389
72067,29.305815677822206
26011,951.8416358758325
17151,970.4198955396375
50013,504.1284172774457
01105,1874.9489028772407
46043,1123.078643033263
31011,1779.9479073361413
29009,2048.7160834579736
31081,1410.8152593037512
72145,120.49904290306509
72119,157.2728895798031
47017,1554.0656927525035
20089,2368.340356447934
16007,2719.0277649850327
29119,1397.527499802561
08125,6134.5352346226055
21223,404.5823189511772
27001,5168.061917267046
27149,1490.0278559175385
21129,546.9952842628385
08087,3350.809577393262
48243,5863.584514177351
29039,1291.4872969166076
55113,3497.8224183422853
13261,1275.4455892371209
53047,13762.544658450557
51131,890.7840583108455
19197,1508.0362234911195
36059,814.7602480507747
12089,1734.9868931910094
48377,9986.42410071262
05133,1505.258194409244
12121,1792.9055857646274
22065,1684.9898312149646
51113,833.5803720507666
02090,19256.19700037829
08033,2765.1035310638176
01113,1676.6997015711934
13027,1288.906310362205
26007,1536.9106975811485
46019,5869.893728530918
05009,1559.26528361929
29035,1318.3609912867216
35053,17218.63632113878
20085,1704.3016932127719
54017,830.2586781841246
31073,1198.2720537635753
40025,4767.882891125639
12133,1595.261083128645
01053,2467.9905943552067
42099,1438.8885065020058
46031,6551.441582193844
20033,2045.4663576344535
56025,13923.981901834708
20115,2469.887458058506
56021,6962.153300529875
28035,1217.8273553228219
26015,1494.6074878105244
13275,1430.080787403691
19065,1894.167989891315
18157,1303.1999371924503
32027,15714.890079270395
20097,1872.04724771181
13249,434.7612747818153
32009,9296.052829897037
21081,675.4447521423491
17087,902.9695542585748
39011,1040.926967926273
22093,654.8407769668091
29223,2004.9024109812653
72071,143.25070140734252
08105,2362.8922346389313
42073,937.1680138095873
30041,7553.9099735670625
31181,1489.3311826887307
20111,2215.5297451084725
37189,811.3491478212301
01091,2544.8016910217048
48433,2383.719689285783
40047,2745.5776021450297
40153,3228.9491969683145
40039,2595.3801086853223
49041,4968.386624437247
01123,1984.7974632737312
19099,1898.3027242080132
13117,640.2438626484038
53069,716.1055811683481
05055,1499.7910755925534
48381,2389.0217676765615
28091,1420.8386244290032
28063,1365.949911802532
31141,1772.9466170184496
31063,2538.3438860334422
21053,532.3253539153542
55031,3477.4047038380318
55091,644.1025259310366
16053,1560.542655922285
50001,2090.7596453523893
21207,732.7189903199134
19047,1851.8706251043527
19119,1521.751165319849
01093,1925.6405039636209
36087,516.0776512853738
26025,1860.5989620301896
48335,2371.9681338648293
27123,440.3187239619972
19067,1298.526516508152
18003,1709.481837057129
18167,1063.0174618635813
09005,2446.249183182946
27047,1871.0316190013782
38103,3342.1411328574686
28145,1079.7892190522966
21173,515.0851705883927
17055,1117.5372286574818
09013,1080.273183675155
16057,2789.0044256812375
29127,1150.0845231617354
49009,1866.3093059030907
55073,4082.6151514713806
40019,2159.523621539029
40001,1495.2916854862758
40007,4708.664254583236
05053,1639.632771283068
48111,3898.7533143634187
17005,991.5498610747993
39087,1184.666501106145
39171,1096.1072274247456
36083,1723.2040438963495
40031,2807.2268545052607
05123,1663.962413187652
48249,2249.593546350318
55105,1880.6622213150742
47099,1600.3214510801072
46091,2293.7631484263256
39163,1074.9871506753686
51043,461.34476752084487
05137,1578.8556101046588
48193,2166.1960012550444
46107,2327.276698105167
36023,1298.908025032061
72011,102.59718371361348
47095,501.8438531985313
20187,1762.0016503552313
56009,11044.572861954539
33019,1430.2103881971418
31151,1492.561737596856
31121,1286.8336713811739
20109,2779.242314896444
51680,128.31396667873278
29049,1096.7822285362556
27009,1069.7649380618354
38075,2312.774399202563
26137,1362.5539127602897
16019,4921.925577167398
29137,1735.5997353826615
31143,1141.3333264427429
21075,597.046733075167
29135,1085.0035514788844
29073,1362.1113548857738
18015,971.1927990765154
72117,36.796198959582746
48265,2867.712926205217
48507,3370.958015007646
40105,1504.3448673265323
26121,1365.8448573883475
26001,1798.6904891365775
18155,578.9034896068607
21225,941.1442950221103
51810,794.4378575236042
48197,1804.7775489617782
72133,88.59882400151656
16075,1063.0083824816834
28135,1688.7621785971503
72083,120.47153523796982
72123,178.02829722544953
42083,2549.67043438647
55063,1243.3340646639874
48447,2371.0974832179577
27109,1695.7722606770003
50019,1870.4796049061965
51065,754.4803990527387
27155,1517.3759290017256
28107,1825.9051946771626
29025,1113.0404395715404
51690,28.52399196651585
72109,121.92903648372562
40099,1101.058085200744
40057,1395.407856327813
48109,9876.48611472098
51683,25.629630605878127
34005,2124.2110009978705
35025,11382.629689294903
05077,1611.6645721371174
20195,2330.3665238575522
29015,1949.0848736590576
27141,1168.0683396843933
38035,3727.9643159382085
38015,4321.560565401632
48281,1848.0171715390954
01015,1585.6147931928308
51700,181.70633476959185
48209,1758.1282242832276
38061,5028.302047120539
48431,2391.8589188175656
46007,3082.8427198318755
47161,1277.711877396545
54077,1687.0950696704308
51173,1172.4839352741385
13097,520.8202570032055
16045,1461.9910258980776
19089,1226.6341976777574
20147,2316.7196900229674
28125,1126.7137290438702
29089,1221.2540741382893
51610,5.319536118193706
51800,1078.4299528926165
13115,1342.931550968941
13129,928.8574242518426
13095,866.973961207727
19077,1536.1415710047509
48217,2552.9046432657665
12003,1525.1413525930543
02230,1128.8333485238213
02068,32808.779191881935
31009,1849.4806555501384
13295,1157.9615749690488
39005,1105.4842914911885
18081,833.5581424235266
19159,1395.9393100841837
21227,1418.1674407571547
29131,1553.9280289819533
26145,2113.4031037751465
26045,1500.7342665723647
16047,1901.5061359571819
42109,858.7893442612221
21105,655.1657894135141
17019,2586.071761820121
17187,1406.277514004994
26069,1466.5199836487234
72153,176.7516313929753
35049,4950.663819427459
13175,2119.82587601272
55021,2061.519363916345
30097,4823.681528057139
17107,1603.0887220253308
39101,1046.751365080266
39119,1742.1471736739725
55085,3202.40940504083
50003,1755.1687983725146
36033,4397.313992428673
48043,16038.379424726727
13307,545.3853601274005
37033,1109.584238333943
19073,1479.3318419245547
19053,1381.5442728373885
01127,2085.372415835552
01007,1622.0666020501735
31177,1018.7958612147863
21019,419.5621294470856
40109,1860.7330813498334
40097,1770.3953720961638
19175,1102.739636831933
19115,1081.5110120743711
19001,1476.9705209326316
20013,1481.6677739574152
31107,2952.356383264253
21137,871.2800302978604
37195,966.4224388969614
42081,3221.7582227433863
41059,8369.157994595826
41049,5301.890013316633
21073,549.1629935212318
17201,1344.5961118034988
17123,1032.2838004527396
37185,1150.9631746641555
72051,60.55220493981065
