variable,state,state_fips,mean,std,min,max,trend_per_decade,n_counties
CDD,AL,01,23.061119720954643,1.2847538363260425,20.90606653867416,26.347193650723884,-0.05445567503085578,67
CDD,AZ,04,77.61428111626476,3.67545203902002,70.73612594765721,87.56513553803752,0.3565197027730395,15
CDD,AR,05,25.56286835164763,1.3542944581816498,22.60186343337688,28.26632380323095,0.04519857023338011,75
CDD,CA,06,116.39492615946666,4.296682587167528,104.18433214212911,124.98991760906797,0.5965343998548096,58
CDD,CO,08,36.915101696014474,1.2495273387402757,35.09464690596653,40.927393754447124,0.030016507002337343,64
CDD,CT,09,0.0,0.0,0.0,0.0,0.0,9
CDD,DE,10,18.534614288833318,0.9777631904664974,16.216278610396177,21.24297331049004,0.13422683160016094,3
CDD,DC,11,19.392156862745097,1.2818491545037431,17.0,22.0,0.0,1
CDD,FL,12,24.906429199773022,1.0672497586782466,23.20009501068014,27.365123719355108,-0.1385797780646589,67
CDD,GA,13,23.458120691166997,1.3922730807246861,21.253693328519642,26.57658431728963,-0.1209608713268469,159
CDD,ID,16,40.71073040687858,2.2348057735796845,36.61949478757468,45.95739543429336,0.29400882451708055,44
CDD,IL,17,21.902169208490246,1.0265830671359684,19.839412745958093,24.349463006470355,0.15495772333261726,102
CDD,IN,18,19.478647108478285,0.9993910694064173,17.398435848006798,22.892000587667066,0.12776932984366093,92
CDD,IA,19,26.633906967843302,1.1460969348682,24.50011313185396,28.70477952812836,0.12411692936260951,99
CDD,KS,20,37.242906342359554,1.646823805883819,34.0444721170157,40.54587245590311,0.0792262433836599,105
CDD,KY,21,19.387947875394826,0.9738201420837065,17.147009331118873,22.22786493849003,0.04644902555582951,120
CDD,LA,22,25.13577969161399,1.3258192732163074,22.867573535878282,28.65038308622542,-0.05903114958626339,64
CDD,ME,23,14.94236269354353,0.6533999936822126,13.6916374623028,16.547550127230522,-0.0029785755530806006,16
CDD,MD,24,18.492367777376245,0.9297640845136347,16.390673621211374,21.13496997513676,0.10525398209175642,24
CDD,MA,25,16.5892256978206,0.7912142619796553,14.9653287146302,18.23121942833874,0.12063782430031521,14
CDD,MI,26,17.477357517515337,0.6231054676009166,16.073267563165558,18.645724101059823,0.09334254494861811,83
CDD,MN,27,26.831289147078927,0.8994313325928237,24.913423342685807,29.69892891823783,0.07316952357768657,87
CDD,MS,28,24.589440860326867,1.3497723580829728,22.32380445703975,27.923636484539536,-0.04138800560718842,82
CDD,MO,29,24.399758590689945,1.176383027973684,22.129530875325507,26.604790991937953,0.07648021495492908,115
CDD,MT,30,35.17889997855924,1.4700909619908238,32.676694334624386,38.66664925387918,0.04951506221329876,56
CDD,NE,31,36.76986151357213,1.41097705679138,33.6009058087127,40.1296979006005,-0.03692432028112938,93
CDD,NV,32,69.50565402420408,3.3064625712896305,62.11341237577986,76.27512180714058,0.202591827133538,17
CDD,NH,33,15.270439363406641,0.7570235266092105,14.084997075791849,16.795933487456036,0.04502677533963102,10
CDD,NJ,34,17.824391428479597,0.9146846218459918,15.785537923759296,20.402033697165443,0.1764433197518275,21
CDD,NM,35,55.375646145566655,2.5049396283798306,50.103318150895326,59.763080891230366,0.17880353103689614,33
CDD,NY,36,14.469600894713283,0.5370649263481638,13.16011731415227,15.754298286622687,0.08757052144147823,62
CDD,NC,37,19.426667480508765,0.9195353712910197,17.57826520296523,21.198918245084016,-0.0536514350461993,100
CDD,ND,38,37.16864318946616,1.3913181277642044,34.21235280573021,40.1469216914439,-0.11800264872852534,53
CDD,OH,39,17.19551428122344,0.8323882523924293,15.588561019739986,20.159056123295084,0.13722013350520854,88
CDD,OK,40,34.591444431291066,1.4174432944214057,31.505873842291983,37.359743547195286,0.14333908766663028,77
CDD,OR,41,49.73287590434971,2.8180474571253815,44.53722088828611,55.14066114874699,0.2719083117650982,36
CDD,PA,42,15.59382545811718,0.7066672722038897,13.280740837243421,17.125237706181814,0.15054722650050142,67
CDD,RI,44,17.461543446204786,0.9212502942028129,14.90049880168872,19.631996976559243,0.05337217659896302,5
CDD,SC,45,21.58618659292253,1.2332456136182652,19.233288546749186,24.304438333925944,-0.10332973199967284,46
CDD,SD,46,37.17318705042016,1.3933869749365242,34.30050534136251,41.29168136047234,0.06532195281340201,66
CDD,TN,47,20.233720826091943,1.034750041532933,17.71727545632062,22.692843861344315,-0.005993406526672663,95
CDD,TX,48,44.810057121971624,1.819955431498202,40.99780794325822,48.75509150103395,0.057918628321706765,254
CDD,UT,49,49.566946973786386,2.3864704989428107,43.32209107341201,55.2663859132237,0.22942753343682384,29
CDD,VT,50,13.930602325363042,0.6425272783488585,12.697167377641842,15.52705307677689,0.06296856672896733,14
CDD,VA,51,19.025209502805932,0.8771335168966496,16.938754423453744,21.076698080198486,0.003459530182456124,133
CDD,WA,53,42.161467161693075,2.3705160634322087,36.08392011515527,47.59275286136678,0.2717487551609601,39
CDD,WV,54,15.687922698805995,0.7155993046266776,13.564716246698318,17.635501510414816,0.09696799232917803,55
CDD,WI,55,22.00929127503933,0.8848107835380067,20.324680689986003,24.080496840595256,0.12226116613006707,72
CDD,WY,56,35.612903483772314,1.2658545527472083,32.41364357597297,39.15472802729073,-0.04710609627155,23
FD,AL,01,41.56402333474077,4.766856235919291,33.24569937787968,52.27829608135003,-2.1063582767387983,67
FD,AZ,04,78.56849413877357,5.230088816723193,70.88676789804344,90.67867383839997,-2.4883609377968083,15
FD,AR,05,54.80347075588636,5.570518787202554,45.34318332381829,66.49336381188299,-2.5311465861784463,75
FD,CA,06,67.23095606936695,5.268886923596142,57.86602641649185,78.99054879531012,-2.526359572549078,58
FD,CO,08,184.46665208364664,6.695687443212494,173.38392510755313,198.00928027286685,-3.3451425551690686,64
FD,CT,09,0.0,0.0,0.0,0.0,0.0,9
FD,DE,10,68.35228243290996,7.138135575529849,52.67553053128239,84.32436636247093,-3.49110321063571,3
FD,DC,11,64.56862745098039,6.631002645032753,50.0,79.0,-3.250088982586791,1
FD,FL,12,7.428241114728992,1.4270812885353397,5.3969918503013785,11.248059403422785,-0.5999267691925233,67
FD,GA,13,34.606691704875686,4.364438078306776,26.198239940265562,44.73806403816577,-1.9373095938984637,159
FD,ID,16,188.1780898178797,9.032840886530291,170.30448671205218,204.76791144605636,-4.4813212360184,44
FD,IL,17,99.15990211559226,6.79136243409763,87.26764381298646,113.0922596080599,-3.239109220700582,102
FD,IN,18,100.86053183841196,6.625101869602386,88.74349896948067,114.14440851196946,-3.1036156609087593,92
FD,IA,19,127.92084328424242,6.457018351112517,116.60134788816882,140.33167971305028,-3.1472436388514944,99
FD,KS,20,108.23968708732475,5.985284814405065,97.71100156981545,120.5452862268644,-2.9112264747098298,105
FD,KY,21,81.74356019709494,6.4204621736008995,70.67043641850127,94.31891835942409,-2.9126996355333024,120
FD,LA,22,20.470525964301725,3.1004338268325524,15.163781138922058,27.510248973703554,-1.4058854192810848,64
FD,ME,23,161.9206396107586,5.844518928070106,151.83276650225017,177.18216248522646,-2.7417468907596803,16
FD,MD,24,76.7494247301244,6.960228719701872,62.46042526454183,92.94270169666682,-3.4243780011719473,24
FD,MA,25,124.0517800274654,6.8386063296724195,109.89440364645142,141.11767648213328,-3.3418891015041368,14
FD,MI,26,137.0954934070708,7.228606249513539,124.64948615253134,154.48312703790253,-3.506426478832187,83
FD,MN,27,161.40414693429176,5.737236107699079,150.67029223431533,173.9673043555202,-2.847325531299025,87
FD,MS,28,37.13436066917841,4.611123098904967,29.17672004720943,47.90396038703906,-2.0673581448771827,82
FD,MO,29,91.26585007736863,6.517561531225787,80.71155479905872,104.24171127412855,-3.063653598364334,115
FD,MT,30,180.2987628565899,7.086857464327469,164.02071582766405,194.36261532360416,-3.5727905974292713,56
FD,NE,31,141.2036468097883,5.8283961174004455,130.51660704130364,152.64470949989806,-2.8947844452722893,93
FD,NV,32,154.72799926555928,7.39608174281116,139.18043671988394,170.21815067649212,-3.3788671357754856,17
FD,NH,33,158.36801947924323,6.152611196062904,145.9917605586356,174.657731614802,-2.8612994103468985,10
FD,NJ,34,92.69040376793642,7.101568231204973,78.45958433530626,109.26150116398983,-3.4895969212143747,21
FD,NM,35,128.14759959015817,6.081425102676991,119.26548391126931,142.09664169150355,-2.9103794407732733,33
FD,NY,36,134.390460990635,6.530180747815315,121.71146098473194,151.18466592693628,-3.183668253259409,62
FD,NC,37,59.89659206273421,6.116393364147944,48.04321970575955,73.82860644604455,-2.8689478192692817,100
FD,ND,38,170.64001627249104,5.503995254607105,158.48715643411455,182.01635210292704,-2.7436296370812405,53
FD,OH,39,104.01797630655594,6.738275230122521,90.8053707313229,118.11933071969734,-3.1735262213041646,88
FD,OK,40,68.91026936055223,5.602574546733103,58.442327936479565,81.33668758442546,-2.7107858501599646,77
FD,OR,41,141.54930904062365,8.980717467894598,124.0128853301446,158.17882215961464,-4.36309090742389,36
FD,PA,42,121.611075168887,6.93023302915182,108.8908705658488,137.92953106752054,-3.4379811280837598,67
FD,RI,44,101.29742797802687,7.667973009738876,85.72750069112092,120.18177633496255,-3.774411955018574,5
FD,SC,45,39.770809743454514,5.172438477138118,29.278692788743722,52.11308643534403,-2.3628097467131477,46
FD,SD,46,151.93032958402446,5.833988063872337,138.80506921749506,163.4485343643942,-2.876198420924235,66
FD,TN,47,71.06717392336597,6.123750771609823,60.89797908452485,84.47274181816123,-2.700947883251179,95
FD,TX,48,39.35073060997134,3.766939122884564,32.79273325323091,48.39188651975139,-1.8399377846426936,254
FD,UT,49,156.85619107733737,7.250972741568026,144.51655239060682,172.5433677276733,-3.46066696083809,29
FD,VT,50,159.75328566920402,5.90042374779978,147.73619202767748,175.65821650568148,-2.7302525847156427,14
FD,VA,51,82.40353337533061,6.89922779687329,70.24226513718466,97.27682580827931,-3.3185851122455463,133
FD,WA,53,119.93122666327852,8.931104686389826,101.79993203219865,136.2179709390427,-4.470966585830813,39
FD,WV,54,109.24959606714093,6.924370337731972,97.10413309360949,123.55631994533529,-3.3864632494380276,55
FD,WI,55,149.77830763202581,6.304693160514963,138.92167855085216,165.1745834895761,-2.9950222976342364,72
FD,WY,56,196.49607187757715,6.8308014221489755,182.90209178329926,210.72816581029514,-3.464660570039773,23
GSL,AL,01,351.48637920132825,3.002616844909172,345.00660025196316,356.82900163916923,1.1813618431086848,67
GSL,AZ,04,327.2405317248034,4.566420275843708,318.47939719868515,335.75124587609366,2.3336615795712015,15
GSL,AR,05,337.1233777995037,5.630485192960629,323.5533832909766,349.1565648590782,2.298249676061944,75
GSL,CA,06,324.49965350416676,3.657837767390822,316.5627774072442,330.1408094756029,1.8213503428595186,58
GSL,CO,08,229.29965325685347,7.652875404397868,213.3796668855874,242.64797238084924,3.833332749024323,64
GSL,CT,09,0.0,0.0,0.0,0.0,0.0,9
GSL,DE,10,311.63357651101165,9.714163820567677,280.9734084061528,328.5134504562936,4.238407132094415,3
GSL,DC,11,314.27450980392155,9.219714597258527,288.0,329.0,4.016776640017519,1
GSL,FL,12,364.21542095879,0.5927161063778029,363.13967824548706,365.54666026093923,0.09363311747610069,67
GSL,GA,13,354.86702724285965,2.277249613993636,349.56089765258156,359.4821301990369,0.8508262426966813,159
GSL,ID,16,209.0219556180832,7.880466646201052,192.93263244860242,223.68940707430895,3.8331324355182606,44
GSL,IL,17,274.9258481530996,8.89504337801541,252.38166154741273,288.9331998418527,3.9997216070321087,102
GSL,IN,18,274.92653402402277,9.348659706787695,251.15815624295638,290.1548060295648,4.094062293635132,92
GSL,IA,19,243.56833463899278,8.174188637435554,228.58412730723228,257.6871088987038,3.432001503097945,99
GSL,KS,20,290.0431491426066,9.161665233121216,267.1822989421382,307.2486535787644,4.188008163932186,105
GSL,KY,21,311.54604593284154,8.343500846637182,290.9553148558486,324.3945006429819,3.4731938768388866,120
GSL,LA,22,359.1252340371341,1.628505585728691,355.728148870338,362.9073198442904,0.5325683492944885,64
GSL,ME,23,200.99610869780244,6.052470336784905,185.78455994267267,213.3351634498407,2.7016001209674183,16
GSL,MD,24,303.86535418875087,9.37830054584438,276.73070983476913,319.1369609078631,4.2367619414147235,24
GSL,MA,25,242.6097356756793,8.996040860838491,223.56095517987828,263.35440244323553,4.040045274456001,14
GSL,MI,26,226.21373520045034,7.514696853286491,207.19029559724908,239.42345133756132,3.2204675363765682,83
GSL,MN,27,207.25837477942613,6.048583922623189,194.3868915952282,219.86567918474185,2.4962812452208283,87
GSL,MS,28,351.7060459317537,3.1700250312137177,342.993139154796,357.4376530561921,1.2327302969883351,82
GSL,MO,29,295.78776773458924,8.961452539226165,271.00083708090943,309.7334620160863,4.067661246336733,115
GSL,MT,30,213.58736825936538,7.672635025647782,198.17448865229892,231.82370210191743,3.363818268503626,56
GSL,NE,31,253.52577069775916,9.193284427549683,236.483617742673,271.60020262906806,4.1358849911637074,93
GSL,NV,32,263.0692905734583,8.300795552086699,245.9956823632091,277.7552861668119,4.1007323437637035,17
GSL,NH,33,211.6896829982354,6.827104066607002,196.3700098371338,230.10423996994564,3.007798500133364,10
GSL,NJ,34,281.933364489436,9.509703605064571,256.484872020388,299.70129313700943,4.12708279720956,21
GSL,NM,35,297.7858945072906,6.449758848588219,284.90288917585286,307.4322599467799,3.2212254921138856,33
GSL,NY,36,231.92543903393087,8.388442075262665,214.87343774202037,248.9605464394378,3.583831978825255,62
GSL,NC,37,337.6396656971565,5.010541350796894,324.40548993214696,347.3798296232447,2.084861460878259,100
GSL,ND,38,205.01179137189365,5.4641498447656875,194.37634369829627,215.46226702204018,2.317210569510173,53
GSL,OH,39,273.0701378668817,9.909218279867062,250.1948078238503,290.5010125616241,4.383750478562802,88
GSL,OK,40,330.565104753449,6.222964158356788,314.3416472242583,340.1844135371276,2.705066484929761,77
GSL,OR,41,257.153888521462,8.534105605053135,239.90896216675222,272.51126872916655,4.209062736801977,36
GSL,PA,42,254.41810509152853,10.00772968937997,232.76666603428004,276.15664404570555,4.242239813295782,67
GSL,RI,44,264.3104119652436,10.533553399731636,243.41509376879867,290.2724706098177,4.420339702506257,5
GSL,SC,45,353.06076502073194,2.9670484472406247,345.7629050139757,359.1497645690913,1.0672725039480322,46
GSL,SD,46,231.74713792351585,7.834215445086513,217.0769033505288,252.57887562847006,3.3171215931183227,66
GSL,TN,47,325.64944938450856,6.783746689242455,309.06042456614864,338.6248208555593,2.7487919117763004,95
GSL,TX,48,352.2849592798383,2.354522962353335,346.5110288518595,355.96028546272214,0.9215027264294376,254
GSL,UT,49,246.70677799246923,8.015034235849285,230.6935688056382,262.21706299191544,4.0124764378026345,29
GSL,VT,50,209.63235230199652,6.94781145571503,194.7156785505242,228.74610902830267,2.979438523074973,14
GSL,VA,51,312.6572908344644,8.486878850333774,288.1804397375331,326.463901060678,3.8532050585982454,133
GSL,WA,53,252.5369498586975,8.517622024542648,235.9653681954973,269.0655143509218,4.216402345162146,39
GSL,WV,54,284.5781823126686,10.215898105957585,256.85051603811917,301.74477443440554,4.665180835509973,55
GSL,WI,55,217.41446930050859,6.61364759831667,202.13340563108122,227.18181692907385,2.7920036589713706,72
GSL,WY,56,205.47430918840695,6.827318890416123,189.96649325465089,218.0882177258944,3.272807538058823,23
R95p,AL,01,366.7469337777318,31.851985574810488,306.68710394224956,450.7900623750703,7.677163906963883,67
R95p,AZ,04,58.21827147086543,7.691048831739637,41.92727950076242,79.47660483213164,0.5626268812078397,15
R95p,AR,05,315.60455814196945,24.858276560223693,262.25715938173437,396.55308740381776,2.4510382069306793,75
R95p,CA,06,140.7254807529405,16.598099104340058,111.46288775167712,190.593247467952,2.870710026393112,58
R95p,CO,08,94.17221550341928,7.680409523530728,78.2109071472419,119.82030636060439,1.5843896176281507,64
R95p,CT,09,0.0,0.0,0.0,0.0,0.0,9
R95p,DE,10,282.76484634948787,28.27098487674719,225.5159689322034,336.2568622742101,6.792065147350778,3
R95p,DC,11,272.72450980392153,27.621860206273226,202.2199999999998,316.94000000000005,6.299839146862315,1
R95p,FL,12,340.1024592685294,23.39609269547939,291.8101107670892,399.6474872668797,6.808849370286883,67
R95p,GA,13,318.1313893865288,29.141477526610494,243.25386088164612,402.5628975915617,9.235871453545228,159
R95p,ID,16,128.13345777594816,11.04345116808416,100.34451182691804,145.47753531826305,3.6855731249732293,44
R95p,IL,17,243.3325832461741,20.065479351834128,212.36533339655242,293.88538703517276,6.26627351972341,102
R95p,IN,18,260.5057616333809,20.480113415161835,224.38121828629207,316.3283457145577,6.886018783202238,92
R95p,IA,19,206.6095581880274,17.347498477639633,180.39475060120745,254.296516584484,5.163450606701812,99
R95p,KS,20,163.25572951904266,15.490728665153615,136.98864276292088,206.58333171545002,3.810822987573547,105
R95p,KY,21,298.2415317824496,26.335089922498405,249.0876444186256,362.8341256393467,6.77642589910884,120
R95p,LA,22,374.7212822979104,28.569856718971067,300.4259488667383,438.76720610730524,2.691747778857999,64
R95p,ME,23,296.79403663865605,27.199163665086115,230.23028119670616,359.67324293939936,7.2479055870416715,16
R95p,MD,24,279.95784411584737,26.36041260295448,226.38466811612003,324.87991306802866,6.78259073871437,24
R95p,MA,25,308.25827538393514,26.04557997331117,256.06793941789226,384.4274778213529,3.2692650708057127,14
R95p,MI,26,205.96382731168424,16.334764140872952,173.83137366306474,258.8398913441383,5.365539702971131,83
R95p,MN,27,171.93915092380172,9.849717536866526,150.42775768093762,201.79239786331385,2.6779714598605757,87
R95p,MS,28,364.3998851336605,29.610027786997343,305.0939254280136,436.0277775502159,5.588951630586055,82
R95p,MO,29,262.12707637308085,23.043040657712055,216.74072681053826,329.967860091038,6.026685235261977,115
R95p,MT,30,108.0609395393535,8.053772018763736,82.47836879103903,122.45120708192815,2.119391672622187,56
R95p,NE,31,131.11724671516887,11.844737833481055,108.58252067192402,160.50282354567418,3.169946590648227,93
R95p,NV,32,49.126039210956826,5.594227714556625,38.37477171032164,69.42445861318481,1.2763085984357292,17
R95p,NH,33,301.78130490160436,27.76051376716502,230.46862652924275,364.6149809115001,6.259077220955243,10
R95p,NJ,34,299.8392466198743,26.566611150179288,238.65761153124154,370.6338982535192,6.258318207234914,21
R95p,NM,35,67.3538767955468,6.74744291772687,54.05308270370606,83.2186219241187,0.7023705835960582,33
R95p,NY,36,270.34407691391135,19.139775607878253,225.49725705057577,310.2476432507928,5.275010349455305,62
R95p,NC,37,324.51546566105986,22.75849180543857,266.86598776831244,392.1168780321741,8.234144458859543,100
R95p,ND,38,109.19963001259352,9.601935086402186,85.27095949822775,133.7435116106005,1.6744245687275476,53
R95p,OH,39,240.59696738205065,19.093165060994792,194.55617311745712,280.55196389663746,6.379376684970298,88
R95p,OK,40,206.792190355567,17.544728721010078,175.52985772624487,265.2811153223862,2.5876736861049103,77
R95p,OR,41,195.03932485549672,19.285382210182405,148.56533114753518,229.54376841705505,5.263091888063366,36
R95p,PA,42,278.9687506727694,21.1424602088926,235.89247214279007,341.9698022502909,6.5733082882994305,67
R95p,RI,44,314.6172811753027,29.559118874047954,252.8190054152674,395.17613113911614,5.340837327125281,5
R95p,SC,45,306.1516562180071,27.26282133948634,247.8095805753006,382.5747528753425,9.44857957740975,46
R95p,SD,46,115.73563498632738,8.189225728331655,97.41669461292243,133.47245260911703,1.8129089489254322,66
R95p,TN,47,337.9326835539691,28.955410620742224,279.58730556794484,413.81106268662944,5.698253725187265,95
R95p,TX,48,165.75084062093867,13.044032711353422,139.6907961542152,193.1519017280347,0.3484500499070562,254
R95p,UT,49,66.27068083078757,7.689954045212517,52.520447318738746,93.36962084326758,1.8020712056100179,29
R95p,VT,50,286.7115236355682,23.60359702769744,239.15908688360352,329.9206294607931,6.609446948835998,14
R95p,VA,51,283.7141275529626,22.270071491383785,225.40103136062143,338.2474368146863,5.9709221640133645,133
R95p,WA,53,258.83652402631776,22.944420670378427,186.39760509827647,308.28213477630345,6.526832779891532,39
R95p,WV,54,272.1543458062398,21.889946757278615,223.43533477060384,314.81400781712637,5.467248655123897,55
R95p,WI,55,203.85420546443183,15.735845195017228,166.53977455947253,245.37666386149618,3.6952536607782847,72
R95p,WY,56,83.2196142855706,6.740500887868054,65.3078021196246,99.02017346815461,1.5394183422939274,23
Rx5day,AL,01,150.35426114894827,7.483804680818518,134.95946126397877,167.4878044257289,1.7136408032262622,67
Rx5day,AZ,04,51.55434501615237,3.2187706740775788,44.3903865720591,60.8534359595103,0.15240304493924592,15
Rx5day,AR,05,142.79257006830872,7.818437124679841,129.36290244779622,169.32146800868384,0.7911658204695471,75
Rx5day,CA,06,106.92978558467189,6.125848660652598,94.02195298886453,124.5107661657949,0.3778394179698645,58
Rx5day,CO,08,55.174378970257,2.5107762541090244,50.77263266416074,65.82976260133928,0.35897329144104617,64
Rx5day,CT,09,0.0,0.0,0.0,0.0,0.0,9
Rx5day,DE,10,112.73781498124612,7.415311671147918,99.94536979315674,130.00824082211113,1.3369145660808277,3
Rx5day,DC,11,113.47156862745089,7.986137332290017,97.29999999999971,131.53999999999996,0.1778382022779488,1
Rx5day,FL,12,151.62010730151573,5.720393827429945,137.47017260723015,163.82207787258025,0.9011986224752243,67
Rx5day,GA,13,131.93973219829414,6.279099305296284,114.92505032253881,151.56272530382358,1.8635497854678866,159
Rx5day,ID,16,63.637938285627456,2.7032427631037472,57.41265423238074,69.7173708098558,0.7063894055427973,44
Rx5day,IL,17,103.53377573338919,3.4773158111501994,96.77824252740957,111.88140655209457,1.0751778883062775,102
Rx5day,IN,18,102.49912438184325,3.779740777883789,95.40360696199879,113.80719119640035,1.118004671644588,92
Rx5day,IA,19,99.69347639591305,3.8778543639748424,90.55436150151439,108.6090066402154,1.0549712296314555,99
Rx5day,KS,20,95.8190912834539,4.547572681847985,88.56838647687218,106.77452819952035,0.806652904089459,105
Rx5day,KY,21,115.1935629513469,5.035872083101546,103.98145621545954,126.2977755958727,1.2464540644485618,120
Rx5day,LA,22,169.66245777063398,7.874695236950945,151.3650697615839,185.51192546378994,0.7370873102788277,64
Rx5day,ME,23,99.4396202854502,5.106416835883752,89.19554272172563,111.56963195610552,0.49524469558193485,16
Rx5day,MD,24,109.40800989033976,6.03718383173383,95.60341055818118,120.9759849286778,0.802205190656793,24
Rx5day,MA,25,112.9805332027442,5.305754145287048,102.36723471010512,123.15225924075676,-0.0036546047206791475,14
Rx5day,MI,26,78.47298254041267,2.7368561734194867,73.25168042181753,86.6114472498179,0.6802646016703418,83
Rx5day,MN,27,84.42535843668281,3.370857853047752,75.1081968391749,93.62743728313698,0.2068170427081679,87
Rx5day,MS,28,155.93559982699807,7.062597227583,143.89476491781176,172.12487844282333,1.1387254213611675,82
Rx5day,MO,29,117.61102102077639,4.989307403549031,105.07047120414119,130.91888535826868,1.2600965432391913,115
Rx5day,MT,30,60.19742303472334,2.5642277904308983,52.880442873406615,66.1451235393016,0.3707796344542167,56
Rx5day,NE,31,77.58611918167117,3.674892412360542,71.1873837312488,85.561543692322,0.6211610523050797,93
Rx5day,NV,32,40.18394529716776,2.10960940046003,36.28113199962402,45.85181854353546,0.24572055049319858,17
Rx5day,NH,33,103.46670867129907,6.871176394292201,88.29517412376329,116.9385455112191,0.6130078834213429,10
Rx5day,NJ,34,114.59076229820451,5.50464885095897,104.36063670564984,126.84208497342956,0.8578074793843358,21
Rx5day,NM,35,52.8885659079106,2.661642933678274,47.93460426457637,59.59763456012062,0.20545506173128827,33
Rx5day,NY,36,91.09724660053648,3.7278798151918373,81.94881602209477,98.80213561701275,0.7099364793107471,62
Rx5day,NC,37,127.80921992606609,5.337301481547078,118.62798981093522,137.2549817803929,1.3424030898250419,100
Rx5day,ND,38,66.86993465922946,3.073861604530882,60.86831017095804,73.58354437653877,0.16648272462591565,53
Rx5day,OH,39,88.76270103814308,3.8465714334953915,81.0926171373734,96.66898708775616,1.0777567503369478,88
Rx5day,OK,40,117.43716244374646,6.050779015288769,104.47864674167458,132.34833903414074,0.607282916920826,77
Rx5day,OR,41,94.4912503648135,4.518773371097393,84.17053541403632,103.85430970437933,1.0630720083431275,36
Rx5day,PA,42,97.71318153990497,4.370259077295992,88.24027599884545,107.83800763166458,0.6707694105159832,67
Rx5day,RI,44,117.27258936795137,6.9516479806059595,104.70856160613826,136.60208139613215,0.06288948252125447,5
Rx5day,SC,45,126.19869045227752,6.215033638463606,114.7806095935414,140.59727465175166,1.5212985103375427,46
Rx5day,SD,46,69.83416405564138,2.5800197064683417,63.22058651358706,74.99505174873815,0.20785787205979264,66
Rx5day,TN,47,131.07637204713535,5.862633513726452,118.00590933413179,142.81368555129163,1.5022534559596779,95
Rx5day,TX,48,108.61390400201807,5.3472227791949445,98.83621244890708,123.22703569657583,-0.2880308411690498,254
Rx5day,UT,49,44.750787732032215,2.5381101551400977,40.092951718645786,52.7596102061164,0.34848180601630263,29
Rx5day,VT,50,94.06796964212566,4.825657802628831,81.77079537313018,103.08267976000043,0.847153091130549,14
Rx5day,VA,51,111.39885589847918,4.684413541396629,99.87536914107288,121.08090824362323,0.8830553734326488,133
Rx5day,WA,53,109.77355283946929,4.352009947068026,97.92464055681056,117.62134544656902,1.0685703891925795,39
Rx5day,WV,54,92.70965243646712,4.1295656845814355,83.81330272856388,106.13678878654582,0.7062078450156339,55
Rx5day,WI,55,89.72691796790863,4.0742447491164695,79.53969856452375,102.36348578418381,0.7865475588812244,72
Rx5day,WY,56,48.56665525126209,2.155635751777411,44.53852249681633,53.44922340839582,0.20238248265406222,23
SDII,AL,01,12.713209059794313,0.2869092576033607,12.005114755378404,13.249811820735516,0.054808072126980474,67
SDII,AZ,04,6.218330521227624,0.17934286551359116,5.7663428266651175,6.743813001081515,0.024485524100522904,15
SDII,AR,05,13.036647664377728,0.2728906949331853,12.574355827855184,13.83177595991658,0.01542736000862539,75
SDII,CA,06,9.730656098804843,0.31046891850442465,9.029898136603956,10.607375254142571,0.03309613202135499,58
SDII,CO,08,5.532487984617751,0.09600122941273827,5.322897256869104,5.826102196959722,0.01795643846605889,64
SDII,CT,09,0.0,0.0,0.0,0.0,0.0,9
SDII,DE,10,10.246853030090863,0.28052125074767464,9.573579905186111,10.870033621973498,0.06677128342627803,3
SDII,DC,11,9.992551990196079,0.29821339660716933,9.279999,10.4900055,0.05933492450169763,1
SDII,FL,12,10.972591201648147,0.20740428042135708,10.446511802345077,11.45486146639753,0.049035336489688996,67
SDII,GA,13,11.377001517588209,0.2557818846853717,10.58384049337383,12.015027205391288,0.06732897749772461,159
SDII,ID,16,5.647022410246072,0.10670376757475532,5.414988396937259,5.821492845187992,0.03479740205976253,44
SDII,IL,17,9.377374020531295,0.20868063129983722,9.04088837479694,9.849861474031972,0.06959930389788382,102
SDII,IN,18,8.98453325509624,0.18315042361503447,8.636002827114543,9.446309741757778,0.059027593921697596,92
SDII,IA,19,9.218449072932186,0.2013349541952358,8.899643018177393,9.7155486400066,0.05655435779006681,99
SDII,KS,20,9.84788851845091,0.23120654439860705,9.438141532543117,10.580815717020386,0.044007682720153075,105
SDII,KY,21,9.992264413599838,0.2147464989443685,9.592238720280328,10.639681713915733,0.05124577230560838,120
SDII,LA,22,13.819955953174347,0.31101264873411893,12.806794039624645,14.592516590608739,0.03095574330617907,64
SDII,ME,23,8.836680965791901,0.22442025821872932,8.253518633134137,9.340160305382533,0.06203167429693596,16
SDII,MD,24,9.759380087548523,0.265584281930702,9.098303993997378,10.215340059127428,0.062315866610164874,24
SDII,MA,25,9.969242740262278,0.23109962814244367,9.491116634655627,10.553958777964844,0.04808294282840372,14
SDII,MI,26,6.806283455928389,0.14624606188845812,6.557291773443381,7.244364711660631,0.05052836945202871,83
SDII,MN,27,7.555316758060826,0.10711471403712725,7.327767776559087,7.802840846904089,0.026747406263094107,87
SDII,MS,28,13.723869770567026,0.28137675356175257,12.942243385219214,14.397003095445534,0.04180094565090971,82
SDII,MO,29,10.767988032774358,0.23405824579154222,10.403204721680467,11.383771301239959,0.0665250764100908,115
SDII,MT,30,5.454090917703564,0.09726425141948046,5.132728303027134,5.633594712800523,0.02519656122986899,56
SDII,NE,31,8.00103296382661,0.17718568388940262,7.6608486111109455,8.498377058405657,0.04322432460244858,93
SDII,NV,32,4.974811503635732,0.11186997187231375,4.745742943885617,5.343696293847591,0.016330415540845643,17
SDII,NH,33,9.092340968005953,0.23239035754930543,8.607119900996395,9.58529829372049,0.060794317371641114,10
SDII,NJ,34,10.314105740084276,0.26197444832483235,9.591406324389311,10.988493233251573,0.0634440823700661,21
SDII,NM,35,5.691650709690023,0.12965217051962177,5.470338205289182,5.961165643781869,0.010593463227549265,33
SDII,NY,36,7.856512213500114,0.15768517372060228,7.492768170684631,8.149287674111026,0.046384200080498636,62
SDII,NC,37,10.523562285179896,0.1971782588134183,10.067168699377483,11.070252036053706,0.0578419595475822,100
SDII,ND,38,6.468020327567029,0.13624865476146655,6.121699911360901,6.809514011411485,0.020371089115604524,53
SDII,OH,39,7.9381096972634015,0.1631214278320233,7.560724922883921,8.260467780826437,0.05385326586189328,88
SDII,OK,40,11.510486822994347,0.2721406666490579,10.891295976562427,12.317590832349158,0.027533254242804717,77
SDII,OR,41,6.985447338731871,0.16731244655628771,6.550607770287251,7.279339246834683,0.04313604589675582,36
SDII,PA,42,8.430994343512769,0.1905539765366841,8.045301556107587,8.931101739078352,0.05566519599395944,67
SDII,RI,44,10.595385054373871,0.27568705202816024,9.938902096723464,11.228793255079037,0.058265572511526885,5
SDII,SC,45,10.714875850645024,0.24713770538511995,10.17820467165462,11.427963941206492,0.06498191788557428,46
SDII,SD,46,7.123374944129255,0.1266882312759416,6.8381284230016925,7.3879677762581775,0.027454170334233204,66
SDII,TN,47,11.067135185179838,0.2310927351290953,10.564954389648927,11.679197787965526,0.03304034968509823,95
SDII,TX,48,10.126634321896617,0.2072428446105832,9.74766498872817,10.53023800755218,-0.0016295583018050878,254
SDII,UT,49,5.085002458505231,0.11317264447424,4.875052730440082,5.3837239936289025,0.02577340334823477,29
SDII,VT,50,8.139062503373564,0.18594411138998637,7.784826274612783,8.46074855145458,0.055419964996632466,14
SDII,VA,51,9.742439944019297,0.2148124971044487,9.224407438779286,10.152126758534072,0.04689250946107344,133
SDII,WA,53,7.911178855740291,0.1821378175221415,7.364569029800973,8.20193819006513,0.05445118135736509,39
SDII,WV,54,8.245342079654963,0.17437270635058819,7.877542709560115,8.593375331166351,0.044262900923794465,55
SDII,WI,55,7.938427780559202,0.16024725505073517,7.566843271883474,8.311975085221318,0.039704153134194176,72
SDII,WY,56,4.8407442065708866,0.08613865192893502,4.649913994477589,5.029742160500795,0.0163301851253962,23
TR,AL,01,87.50563410041457,9.445919313425915,68.36872447206397,102.28073750880668,4.776960690365857,67
TR,AZ,04,47.706197338202024,4.571102140078955,39.89479372900205,55.22016516811895,2.305582078326421,15
TR,AR,05,83.78017400008753,9.617327876377649,66.29933039323373,100.90065113936117,4.789530610421192,75
TR,CA,06,28.427528228685315,3.1140413917942333,22.87992378527461,33.585180873445815,1.5641073734103133,58
TR,CO,08,3.3837779790973177,1.2981165522100075,1.2570238552618938,6.225658678179732,0.6488493838357416,64
TR,CT,09,0.0,0.0,0.0,0.0,0.0,9
TR,DE,10,57.20213087297958,8.939285843899107,37.54074807911378,71.75702668950996,4.6857079952293725,3
TR,DC,11,66.15686274509804,8.5542329849487,46.0,80.0,4.466788960683386,1
TR,FL,12,153.0453294004213,8.623450452104029,135.8709607701641,165.8740933714962,4.325813944445602,67
TR,GA,13,92.03760357441102,8.918544699983379,73.55438969199801,105.38296281169448,4.5404819228742905,159
TR,ID,16,0.6257039158298242,0.3014347007120881,0.12798696652896607,1.270869884279005,0.1490132005803334,44
TR,IL,17,46.53796255033868,8.560138632610618,31.85753343263755,62.84161406765367,4.147516630040458,102
TR,IN,18,36.43522055375452,7.8278367808237705,21.979352799556498,52.343939056329305,3.80832437973984,92
TR,IA,19,32.47922670462588,7.668435670573926,19.403989719279743,48.53218868936193,3.7017055752670953,99
TR,KS,20,54.453659374920605,8.363572884898772,38.411555925648194,68.43730286961878,4.101520184386426,105
TR,KY,21,43.54186331899258,8.540940684652254,26.70582645554193,59.4268398080187,4.259127337489908,120
TR,LA,22,130.66866434490996,8.233247462763261,115.37260477435484,143.0515020893845,4.095066697375875,64
TR,ME,23,3.3781117537098067,1.3053844071996732,1.2515082262501622,6.1378763940404415,0.6377881072761199,16
TR,MD,24,48.59794580928912,7.810813372631171,32.04013580144395,61.71773162674055,4.08843789947275,24
TR,MA,25,15.311996878285903,3.9683175045852925,8.201735774707357,22.277047064228586,2.008697454105497,14
TR,MI,26,11.157542199775541,3.3242398888698688,6.070403748726854,18.809958419383214,1.6333331653461685,83
TR,MN,27,11.518537595700755,3.954997612875692,5.177834784871237,20.25950075550676,1.9369691035262004,87
TR,MS,28,100.98238936341143,9.212503535841016,83.29913866961475,115.09448733050118,4.647495367160733,82
TR,MO,29,56.06048705500406,9.322494398762899,40.215169116376096,71.92427369327757,4.473876817551367,115
TR,MT,30,1.4927710273013781,0.7092506693014231,0.41600093159347007,3.0991341056143913,0.35924854149011276,56
TR,NE,31,23.044243395717892,5.744629065513727,13.637701974119144,34.83034647552031,2.8263061462504253,93
TR,NV,32,8.385954920901451,1.3052185399451866,6.1222166959675866,10.9594666535886,0.6251484158061831,17
TR,NH,33,4.203983526575972,1.4578376651449882,1.6639415780749556,7.53162023547933,0.7060746317846238,10
TR,NJ,34,36.725725201455425,6.639392422920673,21.971314730569773,48.84128795089764,3.430068708583982,21
TR,NM,35,13.015043888976233,3.4212459592979148,7.044529272257905,19.170794221034306,1.7111726964220315,33
TR,NY,36,9.771732159749707,2.7702010645022264,5.039933212789585,15.402513193005436,1.405188950984198,62
TR,NC,37,63.281014226537,7.975908942894306,46.043727629372256,76.86689111281895,4.197121205535393,100
TR,ND,38,6.0239679756842435,2.613801907559312,2.0677963756829185,12.110205075310203,1.34489420468961,53
TR,OH,39,24.448310519939362,6.398611408226442,12.695270735262453,37.907707680268494,3.1623576101515014,88
TR,OK,40,84.93739179191704,9.008926976283027,66.33674125144026,99.94154884091071,4.484696478842167,77
TR,OR,41,0.3989660807007755,0.21170685344069715,0.08815727431036068,0.9226938491673632,0.10309612142669276,36
TR,PA,42,12.050186875304751,3.615974890872418,5.687255846807854,20.388168147973126,1.8274921091822196,67
TR,RI,44,23.006623508061793,5.529689282122023,12.631752927358995,33.02585802799659,2.834564520578954,5
TR,SC,45,90.24433357705831,9.107391423624364,70.59670467219388,104.38733637246193,4.739164328389216,46
TR,SD,46,15.681813355037125,4.854099877087853,7.650518266496868,26.5871741269112,2.429036950337916,66
TR,TN,47,51.15057422253745,8.876461480344108,34.214164930703475,67.0042863875937,4.515014744003041,95
TR,TX,48,106.70950924762383,8.686702755045088,89.77489119993079,120.64357295424152,4.4354788081039604,254
TR,UT,49,8.47802963210998,2.0602086331648155,4.850489743880265,12.935269009287977,1.0134766755098412,29
TR,VT,50,3.5137139676371363,1.2678660185489974,1.698928594922606,6.278030405643064,0.6138118419022418,14
TR,VA,51,39.13228212180165,7.072315986993091,23.70429000856855,51.279973809958264,3.6914678685562206,133
TR,WA,53,1.2395619598526013,0.587465928462686,0.34487842642320105,2.4180835964237444,0.2961375385543463,39
TR,WV,54,13.906448111338241,4.6419800915835,5.567635263733311,23.241742841818976,2.3901017503271262,55
TR,WI,55,12.206274573048322,3.947071022900537,6.315788375869108,21.97929561310594,1.8932280184875827,72
TR,WY,56,0.5107192082778578,0.3163095095327267,0.05140597248439598,1.2321880195488484,0.1607881517391933,23
TXge95F,AL,01,35.743238624055465,9.03243518486984,18.238258149234266,51.266076454235616,4.177428167600758,67
TXge95F,AZ,04,74.29959017877033,6.6073060708126645,61.516365465794784,85.67162542823726,3.328757673924801,15
TXge95F,AR,05,45.79382093202441,9.586133232638936,27.23931033836501,63.248863203617965,4.528229967750883,75
TXge95F,CA,06,50.39433272099925,4.34337862548373,42.11299150882086,57.57422125295018,2.1761245667464695,58
TXge95F,CO,08,17.86522626207955,3.671923085165004,9.92382531285749,23.799008912452983,1.7449585544563293,64
TXge95F,CT,09,0.0,0.0,0.0,0.0,0.0,9
TXge95F,DE,10,12.702496964807256,4.3848006963672965,5.783721389603823,20.297068739650754,2.1054537015098167,3
TXge95F,DC,11,20.07843137254902,6.069079459868364,10.0,30.0,2.95008076880955,1
TXge95F,FL,12,33.28560639783516,11.195091287452978,12.256621236083554,50.70282248604614,5.577077761178719,67
TXge95F,GA,13,36.280593747610986,8.526024366325046,19.962177098677483,50.359563934455,3.9741685458191975,159
TXge95F,ID,16,10.015978729116403,2.884599853671312,5.297556733530609,14.718209477445365,1.4823939733733167,44
TXge95F,IL,17,18.503374707669852,6.137671206732072,7.677067224611341,30.603582891276453,2.9193880834363126,102
TXge95F,IN,18,12.147641160473441,4.786469245893281,4.030128101310371,21.041260940327277,2.303082445986834,92
TXge95F,IA,19,13.721033793015366,5.148325170989835,5.00266149272059,23.173548395214084,2.4092780060785244,99
TXge95F,KS,20,52.94325137378446,7.708055568888099,36.725748227956736,66.92608267536731,3.5390562615713854,105
TXge95F,KY,21,16.942841405287414,5.808605462628161,7.116873393950678,26.352698163984147,2.7494222439069342,120
TXge95F,LA,22,46.7385342942712,11.112295168664085,24.135267225382872,65.84169615263073,5.516657123080511,64
TXge95F,ME,23,0.6737115462085347,0.5366751578726736,0.031244284927979926,2.112610347909521,0.2623906952746309,16
TXge95F,MD,24,12.433267243702428,4.254969138242605,5.56966057739777,19.545599798132482,2.0316702046901893,24
TXge95F,MA,25,2.7888527280914475,1.3850524221715368,0.46917727976606505,6.077959035582202,0.6811892928550204,14
TXge95F,MI,26,3.965863997045619,1.9634906122503166,0.82618876644081,8.458355995596815,0.9351368093220225,83
TXge95F,MN,27,5.978658656431626,2.8000948106376744,1.6831195947786295,11.728844195892343,1.3484209209603681,87
TXge95F,MS,28,44.02154797808606,11.006226123370684,22.435714430755528,62.70681711210682,5.239109832448436,82
TXge95F,MO,29,30.000548863083498,7.546906327041195,16.20299794024896,43.61259698489964,3.510186824098252,115
TXge95F,MT,30,13.371771203713788,3.4453645758363187,7.596539042780317,19.71939893997006,1.695433442969009,56
TXge95F,NE,31,30.051623824186333,6.824590157418654,17.236161389916095,41.29275984064677,3.1418823821550697,93
TXge95F,NV,32,29.623721940985646,5.077342579815109,20.298517158932132,38.64141685701273,2.5914713936818754,17
TXge95F,NH,33,1.5580872496197196,0.8837828474749856,0.11950555384520753,4.326367451186474,0.43235904723324503,10
TXge95F,NJ,34,8.661671419685113,3.099668387164919,3.2732213200043843,14.495570206636705,1.4874362573101252,21
TXge95F,NM,35,34.522189230100864,6.464663853153841,20.729665840257326,46.912366481716234,3.2155531270898807,33
TXge95F,NY,36,1.7463039002363647,1.0115950592423155,0.3136511539134042,4.313942520665612,0.48947621038700173,62
TXge95F,NC,37,17.78584701971614,5.040508672792653,8.863691479517607,26.031088289063582,2.4240256029026206,100
TXge95F,ND,38,12.481664056952889,4.2116594240308105,5.117879234918703,19.910441641891655,2.109634318108612,53
TXge95F,OH,39,7.390580556346557,3.3553976967836365,1.9475296746036608,13.848454257564,1.6061838542880769,88
TXge95F,OK,40,66.14569135093046,8.678302793041334,47.073079809004135,81.3569123331642,4.088737430958949,77
TXge95F,OR,41,9.770779170624488,2.710747724983702,5.005673400825401,15.05161405694332,1.3931341226909015,36
TXge95F,PA,42,3.770251391075242,1.8104191007088744,0.994743891660662,7.337827954670431,0.8340500606843552,67
TXge95F,RI,44,2.165381753022468,1.0563397472654157,0.5798502202883387,4.025465198731985,0.49839542440386614,5
TXge95F,SC,45,32.03437243147681,7.4206495860842905,18.47006315229559,43.91689367063932,3.4638122452763516,46
TXge95F,SD,46,26.14601794273739,5.941638738408335,15.14247136099776,35.32028960980638,2.8441504160304767,66
TXge95F,TN,47,20.42040828825638,6.1847457996616315,9.420221287188133,31.99610038009713,2.8874659265307896,95
TXge95F,TX,48,80.88287935173764,10.092144187082056,57.357036177420646,98.69842027886432,4.884147148245927,254
TXge95F,UT,49,27.027740125122257,5.220268430708181,17.01004562976944,36.45702361989043,2.608107492147422,29
TXge95F,VT,50,0.8443852998974278,0.6297835844231818,0.020243752376400394,2.943606296145002,0.30289020671638206,14
TXge95F,VA,51,13.050575316509153,4.186534416239215,6.093682926216288,20.52315809293141,1.9924630596462463,133
TXge95F,WA,53,9.249992175379665,2.156488152442346,4.853927248689049,13.288558013600248,1.0757256683045902,39
TXge95F,WV,54,5.147586084982022,2.4283547844216886,1.3224535894206395,9.51473700025118,1.1500753746744017,55
TXge95F,WI,55,4.427889615684057,2.2900294115438995,0.9610131151313241,9.825657293023013,1.0523284439921006,72
TXge95F,WY,56,9.224341305796727,2.7238314748204857,4.414288818764964,14.011176765697606,1.3327700907844238,23
