variable,state,value_2014,delta_2014_2024,delta_2024_2034,delta_2034_2044,delta_2044_2054,total_delta,national_delta,significantly_different,p_value
TNn,AL,3.280451618981511,0.48339023240760026,0.3882496000733715,0.5672455925833884,0.26807079540701295,1.706956220471373,1.6106393036926185,False,0.7984261874110943
TNn,AR,1.9562458157583842,0.278758685853701,0.7149285228009865,0.34540209873761185,0.41147117298842417,1.7505604803807235,1.6106393036926185,False,0.7717050490962153
TNn,AZ,1.5496385494339109,-0.044366445583695624,0.5292969130135923,0.27916265594422196,0.2770185117145858,1.0411116350887044,1.6106393036926185,False,0.32716147708786275
TNn,CA,1.1150421777507997,0.11310405651031474,0.39112441769857975,0.35563029349869524,0.14910399935637364,1.0089627670639634,1.6106393036926185,False,0.16390338460067833
TNn,CO,-9.940686234492501,0.39767792685476167,0.44802065557171034,0.30733103185904653,0.267779092098273,1.4208087063837915,1.6106393036926185,False,0.5526683943696713
TNn,DC,1.1858333749999999,0.34416646000000073,0.6608334566666658,0.3741667249999998,0.5366665091666665,1.9158331508333328,1.6106393036926185,False,0.4626952691193852
TNn,DE,0.29696399366187326,0.47316951566074533,0.5863052218282306,0.4292409491250133,0.47442851902089056,1.9631442056348798,1.6106393036926185,False,0.2643738427767687
TNn,FL,9.319630033239681,0.7444897837849744,0.04040531593130403,0.9124914615766464,0.13170849890243197,1.8290950601953568,1.6106393036926185,False,0.8177598612543772
TNn,GA,4.141874078837288,0.6559258744150931,0.16838229381659264,0.6494536114716922,0.42851506963784836,1.9022768493412263,1.6106393036926185,False,0.599181272231595
TNn,IA,-6.138408761365352,0.738810258766148,0.9897636274157113,0.4205830076015027,0.24172019427643487,2.390877088059797,1.6106393036926185,False,0.3148927791240279
TNn,ID,-9.688754728193151,0.19063808748259703,0.6879447017980969,0.20650276921461774,0.12407073121650747,1.209156289711819,1.6106393036926185,False,0.5129434658228749
TNn,IL,-3.115947991088634,0.7358822166918442,0.8860834735635268,0.4803377469307817,0.548176935513286,2.650480372699439,1.6106393036926185,False,0.05880204682355558
TNn,IN,-3.3875249971729477,0.6989587362352316,0.7224211919251542,0.661801190922578,0.7355332813241523,2.8187144004071163,1.6106393036926185,True,0.00359205793503333
TNn,KS,-3.334794299447523,0.411461022537817,0.6265382267113861,0.2833741774208125,0.2381655961575282,1.5595390228275439,1.6106393036926185,False,0.909336626982511
TNn,KY,-1.6037312239594386,0.3813694091619937,0.6799836074416893,0.6563424963409769,0.6176820519611215,2.335377564905781,1.6106393036926185,False,0.10041298266952434
TNn,LA,6.196562291923826,0.3126664523760496,0.5761022584953492,0.48477152978197147,0.20451777168640284,1.5780580123397732,1.6106393036926185,False,0.9406048691855244
TNn,MA,-4.239994161970812,0.5801395611086089,0.32099015219178373,0.4731559714446325,0.6505227131000835,2.0248083978451086,1.6106393036926185,False,0.32041944114760346
TNn,MD,-0.42531929633732135,0.40753315226599973,0.6316027803110987,0.4732629949876138,0.4919778151506973,2.0043767427154098,1.6106393036926185,False,0.2585210681947096
TNn,ME,-8.559076478520792,0.8933126506108993,-0.4236390116416642,0.9663855472232319,0.7017934264340457,2.1378526126265127,1.6106393036926185,False,0.7036903789893426
TNn,MI,-6.573653034751723,0.9675955021762777,0.5056257290975879,0.7256224074176822,0.2847241006632011,2.483567739354749,1.6106393036926185,False,0.2203899538483026
TNn,MN,-10.284300677945575,0.7623465597311814,0.8625241690950247,0.618190627939498,0.07001446005146317,2.3130758168171672,1.6106393036926185,False,0.385509066116228
TNn,MO,-2.1700191613600617,0.423374510021868,0.8439649957943413,0.32646850755418455,0.4752108685735041,2.0690188819438977,1.6106393036926185,False,0.41079597499588094
TNn,MS,3.755122182155547,0.353575555617883,0.5262353782670868,0.3960861235290771,0.326943269918198,1.602840327332245,1.6106393036926185,False,0.9806605757270797
TNn,MT,-11.513004191130074,0.1635542763835094,0.7145275870600614,0.22418919431583006,-0.19478486209623647,0.9074861956631644,1.6106393036926185,False,0.4074869065618126
TNn,NC,1.040316438572305,0.5495282587720571,0.48332442724351354,0.44692163219541436,0.7274171337173403,2.2071914519283253,1.6106393036926185,False,0.14391466287452281
TNn,ND,-11.27891882526003,0.7216820248116278,0.8465352750937107,0.19148475504666962,0.4116719130560842,2.1713739680080923,1.6106393036926185,False,0.4186715083191403
TNn,NE,-7.122317613335162,0.13588169753305035,0.9241276201564652,0.3241292041227224,0.2580412587208958,1.6421797805331337,1.6106393036926185,False,0.9676691469418046
TNn,NH,-7.800336330536655,0.7047303777046547,-0.04249055881236785,0.7540318984602381,0.6693492124745264,2.0856209298270514,1.6106393036926185,False,0.5726628142056589
TNn,NJ,-1.6020953508706295,0.6130385247755761,0.48399178156784506,0.3657219505826269,0.48542194784171006,1.9481742047677582,1.6106393036926185,False,0.33732480453305386
TNn,NM,-3.088235713616667,-0.02638519157545849,0.5511192354782461,0.30801736010595837,0.032677682859265644,0.8654290868680117,1.6106393036926185,False,0.2534774227495448
TNn,NV,-6.084781978588335,0.3343512603180754,0.631543151604629,0.30564249309194746,0.23043518906281868,1.5019720940774706,1.6106393036926185,False,0.8105872611064999
TNn,NY,-6.2823369420046395,0.7479307321516888,0.39387004128085046,0.5264017179921288,0.7806837909160382,2.4488862823407063,1.6106393036926185,False,0.10986266563698203
TNn,OH,-3.880060227246417,0.6853127062399782,0.5170381485041151,0.7963420036398978,0.7440504402828179,2.742743298666809,1.6106393036926185,True,0.01789658850132341
TNn,OK,0.7346825066636354,0.3761484474104869,0.4869767165130192,0.40261152880609585,0.10316854194976166,1.3689052346793638,1.6106393036926185,False,0.5838997851149543
TNn,OR,-5.549922574442697,0.1413323320702915,0.3713967267896585,0.33220884275029317,0.07855431396079293,0.9234922155710361,1.6106393036926185,False,0.12187284620363045
TNn,PA,-4.760160741159957,0.4990631434706687,0.5766918892649349,0.5796246937047917,0.7240238989003993,2.3794036253407946,1.6106393036926185,False,0.05044836662165636
TNn,RI,-2.445456614795218,0.7050472380821724,0.39562020005346765,0.397783754511443,0.66261213609568,2.161063328742763,1.6106393036926185,False,0.2364507827052267
TNn,SC,3.3760610902362056,0.6817800337745923,0.3884143345533273,0.3871282012792383,0.7066126469328795,2.1639352165400374,1.6106393036926185,False,0.2509028392373498
TNn,SD,-8.782414984192274,0.1996094144206353,0.9723195870338293,0.35700346106736003,0.06413137910361844,1.593063841625443,1.6106393036926185,False,0.9840028846871691
TNn,TN,-0.2542772886815145,0.41723630086338304,0.5362516861236271,0.48245099711476624,0.5436516520066883,1.9795906361084648,1.6106393036926185,False,0.23384922600580926
TNn,TX,4.3058656630594845,0.24730930398793927,0.507718012895011,0.2336555596306784,0.2540184626096025,1.242701339123231,1.6106393036926185,False,0.3524998075159228
TNn,UT,-6.465135787400527,0.3096409421361015,0.6786803682511016,0.19297617932674527,0.26939704259526653,1.4506945323092149,1.6106393036926185,False,0.7603140389113348
TNn,VA,-1.1286476506529886,0.4179687810416468,0.5726632913904504,0.5215120876203156,0.5841504751414739,2.0962946351938867,1.6106393036926185,False,0.15073504810856847
TNn,VT,-8.609211520169694,0.780301219057745,0.047518363516512174,0.6746046174510285,0.7187709678022536,2.2211951678275392,1.6106393036926185,False,0.4337549035297409
TNn,WA,-4.057280020362842,0.22544206050690985,0.4114909226430896,0.22193669934855853,-0.019678317568347037,0.839191364930211,1.6106393036926185,False,0.12632266339133288
TNn,WI,-8.610629240440705,0.699213814184076,0.9128557026076649,0.6710473790564162,0.20997506202446914,2.4930919578726263,1.6106393036926185,False,0.21945036666779935
TNn,WV,-4.542231014017119,0.49993950956613364,0.563539889065034,0.7632865603606622,0.5302250744657755,2.3569910334576054,1.6106393036926185,False,0.07515251537894484
TNn,WY,-11.888971737680519,0.2318051432592636,0.5637069917862707,0.2628722770265526,0.1515581998120492,1.209942611884136,1.6106393036926185,False,0.39816673790851603
TNx,AL,18.528939667908755,0.3589471508803612,0.7558810866628889,0.10269477886006229,0.26918954466456313,1.4867125610678755,1.4344188341268875,False,0.9410910743363948
TNx,AR,18.24240486928988,0.402454757449604,0.7854505453876186,0.07263938384836877,0.31757952369157394,1.5781242103771653,1.4344188341268875,False,0.8461331375744789
TNx,AZ,13.723611815397957,0.32376189613685824,0.494679270533549,0.19620759231603202,0.3124407147546968,1.327089473741136,1.4344188341268875,False,0.8240908467995316
TNx,CA,12.545705033368321,0.14451784333337514,0.5707896123535701,0.33436024765175176,0.1973199505556824,1.2469876538943794,1.4344188341268875,False,0.7430719741881215
TNx,CO,6.339148518062383,0.5622040140449176,0.4431598239599719,0.2270019632250868,0.328035171308489,1.5604009725384653,1.4344188341268875,False,0.8044563473204792
TNx,DC,16.31249975,0.49249988333333405,0.8041666999999997,0.28666691666666466,0.2733331666666672,1.8566666666666656,1.4344188341268875,False,0.5286623556047736
TNx,DE,16.48896849609888,0.6377978499252066,0.6626147444081063,0.42550297418771166,0.0738608341105298,1.7997764026315544,1.4344188341268875,False,0.6055943691359591
TNx,FL,21.39695300693394,0.47577009735783804,0.22625229781010603,0.5272461556887187,0.14891447063102703,1.3781830214876898,1.4344188341268875,False,0.9202762878153463
TNx,GA,18.51860185266125,0.596967722488813,0.45152430163347645,0.30647005707884745,0.27360476022453284,1.6285668414256698,1.4344188341268875,False,0.7062361509319027
TNx,IA,13.483000160311496,0.2593300396840128,0.7882351377683818,0.1298635529266683,0.11979080748860937,1.2972195378676723,1.4344188341268875,False,0.8595688504583643
TNx,ID,5.8800203233332695,0.0776517623981734,0.7804620661430057,0.14560351531361881,0.18029847750591177,1.1840158213607097,1.4344188341268875,False,0.7530078031724741
TNx,IL,15.299715693839088,0.47467969169081314,0.6689676673801532,0.25229638850078473,0.18257741467653332,1.5785211622482844,1.4344188341268875,False,0.8154194732514226
TNx,IN,14.852714064864669,0.5308896199036841,0.7325870351482493,0.3302252559897667,0.24225268743386508,1.8359545984755652,1.4344188341268875,False,0.5194948413616001
TNx,KS,15.033698024054312,0.678171706811554,0.4725188917326957,-0.033063814691963955,0.250822835202527,1.3684496190548128,1.4344188341268875,False,0.9304328449964919
TNx,KY,16.06438792318609,0.3461717745030519,0.7291553137412272,0.37350368650726296,0.1695523592281809,1.618383133979723,1.4344188341268875,False,0.7734482138206722
TNx,LA,20.724586462742824,0.5363006169595081,0.5636379554843494,0.23264304342738384,0.12912029048520424,1.4617019063564456,1.4344188341268875,False,0.9643265436908447
TNx,MA,12.004661477002363,0.7546234527165314,0.4534293975924939,0.2345198911481372,0.3304948611844196,1.7730676026415821,1.4344188341268875,False,0.5917276473716649
TNx,MD,15.63878733914266,0.5483615704608411,0.7389910501508155,0.3627803267527909,0.12893878300260297,1.7790717303670505,1.4344188341268875,False,0.6159480220705487
TNx,ME,8.840745477191659,0.6926997719554553,0.36223888386346026,0.3636020800929707,0.1644359469009533,1.5829766828128395,1.4344188341268875,False,0.8087572807522002
TNx,MI,11.447216137757396,0.38549963350823724,0.8353612582198107,0.6378402224910396,-0.23320462268056374,1.6254964915385237,1.4344188341268875,False,0.855896172631777
TNx,MN,9.806130295947078,0.3699958933945364,0.9052953164316371,0.48327598042203235,-0.16682941889631664,1.5917377713518892,1.4344188341268875,False,0.8759292244373222
TNx,MO,16.28985187838922,0.46134296707796096,0.5754497209358149,0.10981132925499892,0.3426034055615865,1.4892074228303613,1.4344188341268875,False,0.925033831994477
TNx,MS,19.229668357706355,0.43405055968732853,0.7535416387157134,0.12876352930724622,0.21404030813756947,1.5303960358478577,1.4344188341268875,False,0.8925547329466269
TNx,MT,7.646451202941754,-0.0008617887849524664,0.697023815516606,0.2835495780010753,0.018187320707065524,0.9978989254397943,1.4344188341268875,False,0.5862935068995144
TNx,NC,16.990532631874178,0.6311538915042973,0.6640080879117249,0.1082577882785074,0.2364236011561971,1.6398433688507268,1.4344188341268875,False,0.7736191930672027
TNx,ND,8.958956443098405,0.060302425547813954,0.9611744752651017,0.5093417225675054,-0.09335258199976693,1.4374660413806541,1.4344188341268875,False,0.9977329208859234
TNx,NE,11.919972738370484,0.3739259586120838,0.7950915081159646,0.168880162843827,0.04650734419136349,1.384404973763239,1.4344188341268875,False,0.949967733931399
TNx,NH,9.511721713266635,0.6816595109483163,0.4778990675510162,0.2833200892427783,0.2794565111693075,1.7223351789114183,1.4344188341268875,False,0.6177267470140326
TNx,NJ,14.505495673593053,0.6879723290918012,0.5803491132628178,0.4673146629111038,0.06987254524865705,1.8055086505143798,1.4344188341268875,False,0.5978814004726676
TNx,NM,10.167557208730644,0.4472863638995008,0.5541212375884452,-0.015202781023058165,0.3549580887142785,1.3411629091791664,1.4344188341268875,False,0.8873328531547819
TNx,NV,8.655376910247876,0.02292107206185534,0.720794678946838,0.27765481003610404,0.26791657211682285,1.2892871331616202,1.4344188341268875,False,0.8427660024887916
TNx,NY,11.40535679531501,0.449525151316406,0.7260497176880509,0.3668389628859767,0.17334723202658608,1.7157610639170198,1.4344188341268875,False,0.6572926735079567
TNx,OH,14.343137779464685,0.4847729679509012,0.5926092705805974,0.5852200637963403,0.14505891878153676,1.8076612211093757,1.4344188341268875,False,0.5400665956880302
TNx,OK,17.77153922248385,0.5990616717711887,0.4873083864065677,-0.05276551121977491,0.5265931891133313,1.5601977360713128,1.4344188341268875,False,0.8660316938856504
TNx,OR,7.563360608393072,0.1485971612191337,0.5868109339371737,0.3449084149394128,0.08516659442553198,1.1654831045212521,1.4344188341268875,False,0.6685403078935491
TNx,PA,12.349232421745766,0.41603981079899555,0.7740185778059505,0.43266002223140454,0.1455527697867467,1.7682711806230973,1.4344188341268875,False,0.6241979767418373
TNx,RI,13.239900177502856,0.8648046248754966,0.44796475105088085,0.24902274391624424,0.1997790493649827,1.7615711692076044,1.4344188341268875,False,0.6658368685178535
TNx,SC,18.51408035406133,0.698918129036084,0.4766212322018468,0.2556530148900791,0.19448061682065543,1.6256729929486653,1.4344188341268875,False,0.7619842463602625
TNx,SD,11.03691522039439,0.14190015577624848,0.9091394200180289,0.234108210900569,0.046463476268797876,1.3316112629636443,1.4344188341268875,False,0.9103795573604566
TNx,TN,16.607976146813552,0.3788569109129867,0.7614388925406104,0.22971674558751687,0.17183208081899082,1.5418446298601047,1.4344188341268875,False,0.8759456612275485
TNx,TX,18.86467405379449,0.5931432615565626,0.4757535139221716,0.09186976787814416,0.3837235189561454,1.5444900623130238,1.4344188341268875,False,0.8557551629122713
TNx,UT,8.500620028558421,0.1830816119074541,0.6080191251904843,0.2975141817914171,0.24322330988556118,1.3318382287749166,1.4344188341268875,False,0.8567589784187315
TNx,VA,15.267544426474261,0.6316831640125109,0.7417751565914497,0.1883890353760691,0.18252888716920168,1.7443762431492313,1.4344188341268875,False,0.6753574670360807
TNx,VT,9.437136030411724,0.5914526558846287,0.44220957966246566,0.4184183687829339,0.16278554067983286,1.6148661450098611,1.4344188341268875,False,0.74463664126097
TNx,WA,8.262822481837771,0.3193550583115865,0.4188817534215623,0.34307792004072013,0.019349676586447373,1.1006644083603163,1.4344188341268875,False,0.5491808588157279
TNx,WI,11.07291852765669,0.3330154026084653,0.8346567224288126,0.5820970890582604,-0.27939580537470654,1.4703734087208318,1.4344188341268875,False,0.9733385741999943
TNx,WV,13.434939863656888,0.6450167126106674,0.6449723708060784,0.4168516712397583,0.16082187044985652,1.8676626251063606,1.4344188341268875,False,0.5008153831278771
TNx,WY,5.824920374994485,0.3111006184130467,0.5779966711669609,0.18929486511246907,0.2851499160855617,1.3635420707780384,1.4344188341268875,False,0.894814946279113
TXn,AL,16.72503508098119,0.37452114773180156,0.8923879840974145,-0.01065895317220722,0.18839190025335384,1.4446420789103627,1.5016112399455679,False,0.9481402493883204
TXn,AR,14.464624922190708,0.46201813068524444,0.6372455999536566,0.08511716036120731,0.39757681569678915,1.5819577066968975,1.5016112399455679,False,0.8912730107723543
TXn,AZ,17.50010380175861,0.3767995519300271,0.4672510572230877,0.2223605797664412,0.19340726238301542,1.2598184513025714,1.5016112399455679,False,0.5814771331007933
TXn,CA,15.283856977945009,0.4173417542646103,0.05052028199729186,0.3130876991308238,0.2452594338476608,1.0262091692403867,1.5016112399455679,False,0.329425453572046
TXn,CO,6.301291222364451,0.22644687426779342,0.5084993597262972,0.2689226333994297,0.1689213592618879,1.1727902266554082,1.5016112399455679,False,0.4838805248985504
TXn,DC,11.570832991666668,0.40000024999999795,0.3508333916666686,0.7324998333333301,0.2075000166666694,1.690833491666666,1.5016112399455679,False,0.742540254814394
TXn,DE,11.271838183422938,0.43908177182833263,0.5218780270257994,0.5802080702092436,0.18222751294389639,1.723395382007272,1.5016112399455679,False,0.6590132308640624
TXn,FL,22.206629170463202,0.45604193344695076,0.5112585708387378,0.137778967839413,0.3698612454153505,1.474940717540452,1.5016112399455679,False,0.9558504667774437
TXn,GA,17.41433560497501,0.36699480608255897,0.7597221418299824,0.057060882236669386,0.4023313565114428,1.5861091866606536,1.5016112399455679,False,0.9023462666748089
TXn,IA,5.83517127801922,0.7992538719415272,0.6500467822814437,0.23965619968081686,0.31919032733602926,2.008147181239817,1.5016112399455679,False,0.4474674345186863
TXn,ID,5.265118627052447,0.7142205824690331,0.23784222314530012,0.3184613822155278,0.08139232466201296,1.351916512491874,1.5016112399455679,False,0.819796337004388
TXn,IL,8.5681050039885,0.6618637310541065,0.6176677970706503,0.42363455735620015,0.36785371875185646,2.0710198042328134,1.5016112399455679,False,0.23703250724843908
TXn,IN,8.436335907180363,0.7547597940304343,0.619951664126388,0.41565293940145764,0.36315956686871864,2.1535239644269986,1.5016112399455679,False,0.22946439203275037
TXn,KS,9.51448288671966,0.7554088294023646,0.6088138901518008,-0.30642215402522943,0.4716452054771896,1.5294457710061256,1.5016112399455679,False,0.9787212788270538
TXn,KY,11.176178518011433,0.6516773267361717,0.6013136742885017,0.213010441867171,0.5730355129650508,2.0390369558568953,1.5016112399455679,False,0.3375240614304399
TXn,LA,18.178021914527218,0.5473860498543921,0.638942028955249,0.08798320706177876,0.328089455078441,1.6024007409498608,1.5016112399455679,False,0.8697632218196163
TXn,MA,6.601777825671853,0.7747374326930832,0.5267950344806911,0.42693039722764414,0.29754032606125236,2.0260031904626707,1.5016112399455679,False,0.3504455291990192
TXn,MD,10.825603586234308,0.4188820898668464,0.5706461796758919,0.5569903155806344,0.2273557182759891,1.7738743033993618,1.5016112399455679,False,0.5714521971695343
TXn,ME,2.962280696510869,0.8707947855426825,0.14569858729482288,0.6332460350222413,0.40459407161198424,2.054333479471731,1.5016112399455679,False,0.4601200735881458
TXn,MI,4.807467391071888,0.9100351976928778,0.44852738251736923,0.5701971849812537,0.2365473415369781,2.165307106728479,1.5016112399455679,False,0.34681837957385925
TXn,MN,2.121084911406633,0.8922366926486847,0.5949725914298893,0.4137379075594452,0.25560812478330686,2.156555316421326,1.5016112399455679,False,0.3423979544737852
TXn,MO,10.320845654166513,0.4891989968944088,0.6135349655668119,0.055585010360422515,0.5283232301439131,1.6866422029655563,1.5016112399455679,False,0.766394901815421
TXn,MS,16.585911485100066,0.48140849138945896,0.8056807804013424,-0.011584305134217487,0.3066033443594023,1.5821083110159861,1.5016112399455679,False,0.918625308686118
TXn,MT,2.3440814379997335,0.46112076133964086,0.5005949537985082,0.2721760111438911,-0.38439063146231467,0.8495010948197255,1.5016112399455679,False,0.4876315746935743
TXn,NC,13.755552438314174,0.653865576256166,0.5666304148075447,0.12594832760087193,0.5613256263432849,1.9077699450078676,1.5016112399455679,False,0.5069288291335445
TXn,ND,1.223895544699843,0.935243228884316,0.5208608369219507,0.15210760269171475,0.48980726222335713,2.098018930721339,1.5016112399455679,False,0.4384417951808339
TXn,NE,6.222787665400058,0.43149595965692455,0.6043496483830868,-0.011420916138748183,0.3153078808968752,1.3397325727981384,1.5016112399455679,False,0.800320878613162
TXn,NH,4.135228602127257,0.815845143678251,0.3341608236487694,0.5816583922801755,0.34711359680258713,2.078777956409783,1.5016112399455679,False,0.34191140961353933
TXn,NJ,9.528272858878992,0.6223225350365578,0.5950712300301948,0.37065620133753363,0.2895138387421987,1.877563805146485,1.5016112399455679,False,0.4469926472265566
TXn,NM,13.45081757915795,0.06178836617734618,0.7410203586178099,0.12956305074658125,0.1080610069838226,1.04043278252556,1.5016112399455679,False,0.5459264357484044
TXn,NV,10.525848489466329,0.5339980466685184,0.1317426691523913,0.3669480969992236,0.21803996421624916,1.2507287770363824,1.5016112399455679,False,0.6196418201622049
TXn,NY,4.813199421941261,0.7084033280019497,0.7483834348129967,0.30819738620723136,0.44689041862784595,2.2118745676500238,1.5016112399455679,False,0.2303959201725122
TXn,OH,7.771485718972829,0.9281133831472816,0.43597106681921893,0.5265510576347161,0.41124276374629787,2.3018782713475145,1.5016112399455679,False,0.21668443478008428
TXn,OK,13.465763073227135,0.674106293625826,0.5087565175957298,-0.024807343200718535,0.33378451709883805,1.4918399851196753,1.5016112399455679,False,0.9890164153296084
TXn,OR,8.144080634330857,0.4891589150664615,0.1020242639055926,0.3791235910498667,0.13615529197544873,1.1064620619973695,1.5016112399455679,False,0.45630969610482564
TXn,PA,6.8938817942261865,0.7136606412496773,0.6016968137497596,0.41335208812377644,0.3785220625903314,2.1072316057135447,1.5016112399455679,False,0.23019002980770203
TXn,RI,8.054627875930388,0.6460665272736144,0.6101220480956986,0.40370647239654467,0.3438166740861526,2.00371172185201,1.5016112399455679,False,0.2985244888950477
TXn,SC,16.361924597802368,0.4927481305633741,0.7670542203124633,0.007327009247113381,0.6633638125540493,1.930493172677,1.5016112399455679,False,0.5867172875827553
TXn,SD,4.024988633868396,0.4372867243343874,0.7941597808721133,0.1951592352960283,0.1584927241214764,1.5850984646240054,1.5016112399455679,False,0.9047904205998638
TXn,TN,12.728289615177951,0.5035945968065398,0.7071776312012403,0.10688215644296584,0.5384169237596836,1.8560713082104296,1.5016112399455679,False,0.5780530412886103
TXn,TX,17.254948052979028,0.3513523750001397,0.7229687454787879,-0.24361595585201457,0.5232325496563099,1.353937714283223,1.5016112399455679,False,0.8742689710746345
TXn,UT,9.402061212793008,0.4333265373402089,0.2783943784721501,0.4316197047243371,0.11174919110187176,1.2550898116385678,1.5016112399455679,False,0.6003467378994768
TXn,VA,11.257807760056515,0.4630190669281813,0.5232725439327837,0.4104882057841355,0.4767443200750421,1.8735241367201425,1.5016112399455679,False,0.31249620441068093
TXn,VT,3.3543376187523424,0.8765502313082991,0.43377196041111343,0.48822024699022926,0.5050775381027899,2.3036199768124317,1.5016112399455679,False,0.1733733867558425
TXn,WA,7.262381485408535,0.5429236764773044,0.1898287372437064,0.42369508136555023,-0.09114185947727016,1.065305635609291,1.5016112399455679,False,0.5250981316228367
TXn,WI,3.7992413517659447,0.7368358855865047,0.5798777639718411,0.5590525208572696,0.11681832045444729,1.9925844908700627,1.5016112399455679,False,0.4610543450302551
TXn,WV,8.262900079774413,0.6836468026354261,0.5680979114603488,0.32020225274224856,0.6181938196137899,2.1901407864518134,1.5016112399455679,False,0.18006361057123318
TXn,WY,3.3746090185642905,0.3965108176531933,0.1774211398044474,0.4187203421884771,-0.019631169461678866,0.9730211301844389,1.5016112399455679,False,0.3527521874762223
TXx,AL,30.608355163630232,0.4116027791219281,0.649293565366996,-0.06154043783637064,0.4147724865649387,1.4141283932174922,1.4579850313341431,False,0.951929829933197
TXx,AR,30.309995932520053,0.6208517378185583,0.45003144244907034,0.03130202071037047,0.4894652788600702,1.5916504798380693,1.4579850313341431,False,0.8378928490350509
TXx,AZ,30.380227958302168,0.4125580365721113,0.46868928428068557,0.49851164732057995,0.19254622168830338,1.5723051898616802,1.4579850313341431,False,0.8103019159505273
TXx,CA,28.536424069976984,0.1464334919308783,0.5400539135819038,0.4932004179250704,-0.061621913690196095,1.1180659097476564,1.4579850313341431,False,0.634562932333602
TXx,CO,23.658395785749125,0.43504417205299006,0.4646311427330829,0.41898512254854126,0.1527632915160595,1.4714237288506737,1.4579850313341431,False,0.9778084354329789
TXx,DC,28.29499925,0.5583338333333288,0.7733335000000032,0.10166633333333763,0.24666699999999508,1.6800006666666647,1.4579850313341431,False,0.7637758567524451
TXx,DE,27.596708245331087,0.36103384690987994,0.7208594651145646,0.2542422119142671,0.2432850851961348,1.5794206091348464,1.4579850313341431,False,0.8399007072563931
TXx,FL,32.16817174073109,0.4069265321183124,0.4755717537434734,0.0627880127697793,0.28298973835497776,1.2282760369865429,1.4579850313341431,False,0.669708580572502
TXx,GA,30.844226241774805,0.3690132489180513,0.705314696127104,-0.02852010483279699,0.30609606956644697,1.3519039097788053,1.4579850313341431,False,0.8848363191410822
TXx,IA,25.411744190641965,0.15514639140715047,0.9373365806407818,0.2563174640945718,0.18240564513197555,1.5312060812744797,1.4579850313341431,False,0.932388817116947
TXx,ID,21.215201139805146,0.2273358649858217,0.39157234826168263,0.5076798906336712,0.09535642715841064,1.2219445310395862,1.4579850313341431,False,0.6612579035536104
TXx,IL,26.811371478823194,0.4827305185428017,0.7978188617485742,0.056817971614634644,0.1780671270487204,1.515434478954731,1.4579850313341431,False,0.9418991032140311
TXx,IN,26.430152907409365,0.5453705181992454,0.8155732400407345,-0.037127793219639216,0.11710397702633202,1.4409199420466727,1.4579850313341431,False,0.9848428317215892
TXx,KS,30.303926191267916,0.503461182942587,0.15138563278267725,0.24326439503010278,0.27463441195932603,1.172745622714693,1.4579850313341431,False,0.5659706452886684
TXx,KY,28.24835564911454,0.49813760800765294,0.810735393317529,-0.23724453568254944,0.41899285717887125,1.4906213228215037,1.4579850313341431,False,0.9737722190382828
TXx,LA,31.358968958286923,0.5857458554130126,0.3942822358878679,0.16694085970753747,0.3302867922489625,1.4772557432573805,1.4579850313341431,False,0.970568324152995
TXx,MA,23.458581880166278,0.3820339099833774,1.0623461069841973,0.22015685222048376,0.11138187108380393,1.7759187402718624,1.4579850313341431,False,0.7434662607406344
TXx,MD,27.307284700523564,0.397982268458243,0.8315438466653262,0.19497489679689295,0.22191008335499163,1.6464110952754538,1.4579850313341431,False,0.7941477914909587
TXx,ME,20.058345739932342,0.5933005003909493,0.893740110730814,0.20810479363707657,0.18090475318341248,1.8760501579422524,1.4579850313341431,False,0.6069680097863699
TXx,MI,22.039511586686164,0.6899683779238721,1.139363361821676,0.21090141401079876,-0.03802103854652117,2.002212115209826,1.4579850313341431,False,0.6399468228647458
TXx,MN,21.324660977996416,0.2071217553642839,1.3444181849686707,0.2665703918257307,0.019846125109395985,1.8379564572680813,1.4579850313341431,False,0.7717647901907834
TXx,MO,28.84662926452475,0.384756457435131,0.5109117323669885,0.13209036519409523,0.2435871387633739,1.2713456937595886,1.4579850313341431,False,0.7164330714537492
TXx,MS,30.887870232111098,0.5933745599139115,0.6061418665318854,-0.01572416549026201,0.46945390125142694,1.6532461622069619,1.4579850313341431,False,0.7861444067191308
TXx,MT,23.020225712278233,-0.0942139687439898,0.7543063688226006,0.3864270279190727,-0.021059674225377023,1.0254597537723065,1.4579850313341431,False,0.635423753077957
TXx,NC,29.07315679051398,0.3439174333725461,0.8064831871408416,0.04993758634729062,0.20946628795733346,1.4098044948180117,1.4579850313341431,False,0.9505512340735253
TXx,ND,22.67016993089439,0.00537256720624768,1.1145039392026952,0.3566170013956622,-0.015149779170723576,1.4613437286338815,1.4579850313341431,False,0.9976961788896082
TXx,NE,27.76187310522521,0.2849527937051093,0.4856014683659424,0.30184412928464965,0.16497318046677378,1.2373715718224751,1.4579850313341431,False,0.6403190189598922
TXx,NH,21.570264584208307,0.5354001789923686,1.1008827663329512,0.13065757960614732,0.1167761447040725,1.8837166696355396,1.4579850313341431,False,0.6832857968528854
TXx,NJ,26.20106936666757,0.1942069426508617,0.8716972006977066,0.2225575837699445,0.186789198017987,1.4752509251364998,1.4579850313341431,False,0.9826725501982614
TXx,NM,27.819296137120844,0.46427008335841435,0.3144159374872011,0.507340004669409,0.26883142204437505,1.5548574475593995,1.4579850313341431,False,0.8288376326925642
TXx,NV,25.525723111313397,0.15000653309703793,0.6093200529859999,0.4617615886767723,0.056045386701871536,1.2771335614616817,1.4579850313341431,False,0.7847802441763375
TXx,NY,22.548894320698775,0.4984549220718222,1.2152103616345293,0.03281611367255621,0.18855458945600034,1.935035986834908,1.4579850313341431,False,0.682365483384696
TXx,OH,25.86388261471339,0.6229746264370277,0.9895495604607021,-0.013891314450741987,0.16859060884387844,1.7672234812908663,1.4579850313341431,False,0.7619477477383314
TXx,OK,31.571706575967173,0.6850672877564499,0.10937894178525909,0.28308018321254025,0.428051647570193,1.5055780603244422,1.4579850313341431,False,0.9400496745895626
TXx,OR,23.275099288744702,0.2143832076739436,0.3275480796726704,0.4760041352170177,0.04322056087273296,1.0611559834363646,1.4579850313341431,False,0.46980593647087954
TXx,PA,24.31641713982276,0.5047229602605121,1.0579735532745325,0.15906155387832754,0.14090948057440755,1.8626675479877797,1.4579850313341431,False,0.6790196742023931
TXx,RI,23.707448188170165,0.3584948586156287,1.0657138393570733,0.17449671795735,0.13904593293707634,1.7377513488671283,1.4579850313341431,False,0.7751640653903006
TXx,SC,30.722915575277806,0.33938008604734193,0.8052843072652962,-0.055040444453076987,0.2509224102259644,1.3405463590855256,1.4579850313341431,False,0.8879528025070907
TXx,SD,25.94486561588373,-0.13802981707198825,1.061363818619018,0.325577617021068,0.19868491271614985,1.4475965312842476,1.4579850313341431,False,0.9925976153300984
TXx,TN,28.625093889888372,0.5657185350640397,0.7465882983104137,-0.18576451635267333,0.40301089845538485,1.529553215477165,1.4579850313341431,False,0.9381980201986678
TXx,TX,32.89364734569754,0.7197274662267716,0.17659576149449663,0.28257369264730414,0.5312773801318613,1.7101743005004337,1.4579850313341431,False,0.693353305017825
TXx,UT,24.141419745036657,0.35020760465278045,0.5146894490761014,0.5481798284058037,0.04537276446920657,1.458449646603892,1.4579850313341431,False,0.9993920791384936
TXx,VA,27.948094838940253,0.36359165479646194,0.8559156764094489,0.0728240619067897,0.2935626207470925,1.585894013859793,1.4579850313341431,False,0.8707880916046942
TXx,VT,21.119101412696647,0.5338183308808375,1.207825581581691,0.039973584093282,0.17286704229272232,1.9544845388485328,1.4579850313341431,False,0.6694521708912105
TXx,WA,21.315168422130444,0.36768739063295186,0.23126774138171413,0.42444910155656856,0.13504926129626327,1.1584534948674978,1.4579850313341431,False,0.5278115265735048
TXx,WI,21.859977059438762,0.5124319753945095,1.2300260585028582,0.17684851089768117,0.09938504923041691,2.0186915940254657,1.4579850313341431,False,0.626340408623242
TXx,WV,26.350775176891172,0.41487046890272694,0.963361151935441,-0.004781155173333218,0.3734226932916265,1.7468731589564612,1.4579850313341431,False,0.7526865687885435
TXx,WY,21.74193409232854,0.35756993847291696,0.5022826313147526,0.4668612419093172,-0.037957214936152894,1.2887565967608339,1.4579850313341431,False,0.7920605621741844
